Invoice_Date,Material_Name,Quantity_MT,Total_Invoice_Value,Unit_Price,UOM,Vendor_Name
2022-04-04,TMT REBAR FE550D DIA 10mm,20.63,1157961.9,56130.0,MT,Shakti Steel Traders
2022-04-04,TMT REBAR FE550D DIA 32mm,32.94,1865556.9,56635.0,MT,Prime TMT Dealers
2022-04-05,TMT REBAR FE550 DIA 16mm,13.39,742743.3,55470.0,MT,SteelMax Solutions
2022-04-05,TMT REBAR FE500 DIA 32mm,26.73,1435534.65,53705.0,MT,SteelMax Solutions
2022-04-06,TMT REBAR FE500D DIA 12mm,33.4,1799926.0,53890.0,MT,Prime TMT Dealers
2022-04-06,TMT REBAR FE550 DIA 25mm,39.24,2187826.2,55755.0,MT,Urban Infra Metals
2022-04-08,TMT REBAR FE500D DIA 20mm,48.65,2634397.5,54150.0,MT,SteelMax Solutions
2022-04-08,TMT REBAR FE550D DIA 12mm,23.64,1310247.0,55425.0,MT,Prime TMT Dealers
2022-04-11,TMT REBAR FE500 DIA 16mm,20.66,1090951.3,52805.0,MT,MetroBuild Supplies
2022-04-13,TMT REBAR FE500 DIA 20mm,42.88,2306944.0,53800.0,MT,Urban Infra Metals
2022-04-14,TMT REBAR FE550D DIA 10mm,8.94,501131.7,56055.0,MT,Prime TMT Dealers
2022-04-14,TMT REBAR FE500 DIA 12mm,36.03,1890494.1,52470.0,MT,Prime TMT Dealers
2022-04-15,TMT REBAR FE500D DIA 20mm,28.54,1542158.9,54035.0,MT,Shakti Steel Traders
2022-04-18,TMT REBAR FE500 DIA 25mm,33.69,1770409.5,52550.0,MT,Urban Infra Metals
2022-04-19,TMT REBAR FE500 DIA 10mm,33.56,1758711.8,52405.0,MT,SteelMax Solutions
2022-04-19,TMT REBAR FE550 DIA 12mm,14.06,768308.7,54645.0,MT,MetroBuild Supplies
2022-04-19,TMT REBAR FE500D DIA 8mm,44.27,2398105.9,54170.0,MT,MetroBuild Supplies
2022-04-19,TMT REBAR FE550D DIA 12mm,14.68,813859.2,55440.0,MT,SteelMax Solutions
2022-04-19,TMT REBAR FE500D DIA 25mm,46.18,2465550.2,53390.0,MT,Shakti Steel Traders
2022-04-19,TMT REBAR FE550 DIA 20mm,41.58,2318500.8,55760.0,MT,SteelMax Solutions
2022-04-21,TMT REBAR FE550 DIA 25mm,40.21,2206322.7,54870.0,MT,Prime TMT Dealers
2022-04-22,TMT REBAR FE500D DIA 12mm,20.01,1088844.15,54415.0,MT,Urban Infra Metals
2022-04-22,TMT REBAR FE500D DIA 10mm,28.98,1547676.9,53405.0,MT,Shakti Steel Traders
2022-04-25,TMT REBAR FE550D DIA 8mm,22.86,1304391.6,57060.0,MT,Shakti Steel Traders
2022-04-25,TMT REBAR FE550D DIA 12mm,20.64,1152331.2,55830.0,MT,Prime TMT Dealers
2022-04-26,TMT REBAR FE550 DIA 20mm,28.21,1534906.1,54410.0,MT,Urban Infra Metals
2022-04-28,TMT REBAR FE500D DIA 12mm,15.07,831035.15,55145.0,MT,MetroBuild Supplies
2022-04-28,TMT REBAR FE550 DIA 16mm,39.81,2157303.9,54190.0,MT,SteelMax Solutions
2022-04-28,TMT REBAR FE500 DIA 16mm,11.16,600129.0,53775.0,MT,Prime TMT Dealers
2022-05-02,TMT REBAR FE550 DIA 8mm,32.3,1756312.5,54375.0,MT,MetroBuild Supplies
2022-05-03,TMT REBAR FE500D DIA 10mm,22.87,1231435.15,53845.0,MT,Shakti Steel Traders
2022-05-05,TMT REBAR FE500D DIA 25mm,41.42,2239786.5,54075.0,MT,SteelMax Solutions
2022-05-06,TMT REBAR FE550 DIA 10mm,47.13,2603225.55,55235.0,MT,SteelMax Solutions
2022-05-06,TMT REBAR FE500D DIA 8mm,32.53,1780692.2,54740.0,MT,SteelMax Solutions
2022-05-06,TMT REBAR FE500 DIA 16mm,24.77,1317887.85,53205.0,MT,Prime TMT Dealers
2022-05-09,TMT REBAR FE550 DIA 12mm,13.35,732648.0,54880.0,MT,SteelMax Solutions
2022-05-09,TMT REBAR FE550 DIA 8mm,16.69,916114.1,54890.0,MT,Urban Infra Metals
2022-05-10,TMT REBAR FE500 DIA 16mm,13.39,704113.15,52585.0,MT,SteelMax Solutions
2022-05-12,TMT REBAR FE550 DIA 16mm,15.06,826869.3,54905.0,MT,MetroBuild Supplies
2022-05-12,TMT REBAR FE550 DIA 16mm,39.94,2167144.4,54260.0,MT,SteelMax Solutions
2022-05-12,TMT REBAR FE500D DIA 25mm,6.94,373510.8,53820.0,MT,SteelMax Solutions
2022-05-12,TMT REBAR FE500D DIA 25mm,6.65,361061.75,54295.0,MT,MetroBuild Supplies
2022-05-13,TMT REBAR FE550D DIA 16mm,45.15,2538784.5,56230.0,MT,MetroBuild Supplies
2022-05-13,TMT REBAR FE550 DIA 25mm,10.46,571691.3,54655.0,MT,SteelMax Solutions
2022-05-16,TMT REBAR FE500D DIA 32mm,36.3,1975264.5,54415.0,MT,Prime TMT Dealers
2022-05-18,TMT REBAR FE550 DIA 10mm,24.69,1371282.6,55540.0,MT,Prime TMT Dealers
2022-05-18,TMT REBAR FE550 DIA 16mm,36.85,2007956.5,54490.0,MT,Prime TMT Dealers
2022-05-18,TMT REBAR FE500D DIA 12mm,9.18,491405.4,53530.0,MT,Urban Infra Metals
2022-05-19,TMT REBAR FE500 DIA 32mm,36.89,1958674.55,53095.0,MT,Shakti Steel Traders
2022-05-23,TMT REBAR FE550D DIA 20mm,30.19,1710716.35,56665.0,MT,MetroBuild Supplies
2022-05-23,TMT REBAR FE550 DIA 32mm,6.09,336502.95,55255.0,MT,Urban Infra Metals
2022-05-23,TMT REBAR FE500 DIA 20mm,43.95,2316824.25,52715.0,MT,MetroBuild Supplies
2022-05-24,TMT REBAR FE550 DIA 32mm,14.26,782802.7,54895.0,MT,Urban Infra Metals
2022-05-24,TMT REBAR FE550 DIA 10mm,9.58,522349.5,54525.0,MT,Shakti Steel Traders
2022-05-24,TMT REBAR FE500D DIA 32mm,27.84,1501968.0,53950.0,MT,Prime TMT Dealers
2022-05-25,TMT REBAR FE550 DIA 8mm,40.97,2220574.0,54200.0,MT,Prime TMT Dealers
2022-05-25,TMT REBAR FE500 DIA 8mm,32.49,1698902.1,52290.0,MT,MetroBuild Supplies
2022-05-26,TMT REBAR FE550D DIA 32mm,38.33,2137280.8,55760.0,MT,MetroBuild Supplies
2022-05-27,TMT REBAR FE550D DIA 8mm,25.31,1416853.8,55980.0,MT,Urban Infra Metals
2022-05-30,TMT REBAR FE550 DIA 10mm,9.98,545456.9,54655.0,MT,MetroBuild Supplies
2022-05-30,TMT REBAR FE500 DIA 8mm,26.9,1395168.5,51865.0,MT,MetroBuild Supplies
2022-05-31,TMT REBAR FE550 DIA 12mm,48.5,2669682.5,55045.0,MT,Shakti Steel Traders
2022-05-31,TMT REBAR FE500 DIA 32mm,43.71,2278165.2,52120.0,MT,Shakti Steel Traders
2022-05-31,TMT REBAR FE550 DIA 12mm,38.46,2086647.3,54255.0,MT,Urban Infra Metals
2022-06-01,TMT REBAR FE500 DIA 16mm,45.63,2412458.1,52870.0,MT,MetroBuild Supplies
2022-06-01,TMT REBAR FE500 DIA 12mm,19.23,1006882.8,52360.0,MT,Prime TMT Dealers
2022-06-01,TMT REBAR FE550 DIA 25mm,31.2,1708200.0,54750.0,MT,Urban Infra Metals
2022-06-02,TMT REBAR FE550 DIA 16mm,39.57,2129261.7,53810.0,MT,MetroBuild Supplies
2022-06-02,TMT REBAR FE550D DIA 12mm,21.02,1170078.3,55665.0,MT,SteelMax Solutions
2022-06-03,TMT REBAR FE550 DIA 12mm,43.28,2373475.2,54840.0,MT,MetroBuild Supplies
2022-06-06,TMT REBAR FE500D DIA 20mm,9.35,508499.75,54385.0,MT,MetroBuild Supplies
2022-06-06,TMT REBAR FE550 DIA 8mm,23.67,1291080.15,54545.0,MT,MetroBuild Supplies
2022-06-06,TMT REBAR FE550 DIA 25mm,40.09,2188312.65,54585.0,MT,MetroBuild Supplies
2022-06-07,TMT REBAR FE550D DIA 8mm,48.05,2647555.0,55100.0,MT,Shakti Steel Traders
2022-06-07,TMT REBAR FE550 DIA 8mm,11.59,632987.85,54615.0,MT,Urban Infra Metals
2022-06-07,TMT REBAR FE500 DIA 12mm,39.63,2072450.85,52295.0,MT,Prime TMT Dealers
2022-06-13,TMT REBAR FE550D DIA 12mm,8.67,476763.3,54990.0,MT,Urban Infra Metals
2022-06-13,TMT REBAR FE500D DIA 25mm,35.01,1924499.7,54970.0,MT,MetroBuild Supplies
2022-06-14,TMT REBAR FE550D DIA 12mm,43.23,2392348.2,55340.0,MT,Shakti Steel Traders
2022-06-15,TMT REBAR FE550D DIA 25mm,47.51,2690728.85,56635.0,MT,Prime TMT Dealers
2022-06-15,TMT REBAR FE550D DIA 10mm,20.59,1155407.85,56115.0,MT,Urban Infra Metals
2022-06-15,TMT REBAR FE550D DIA 8mm,11.28,620512.8,55010.0,MT,Prime TMT Dealers
2022-06-16,TMT REBAR FE550 DIA 32mm,11.7,630747.0,53910.0,MT,Shakti Steel Traders
2022-06-17,TMT REBAR FE550 DIA 10mm,13.3,720527.5,54175.0,MT,Urban Infra Metals
2022-06-22,TMT REBAR FE550D DIA 8mm,12.85,703794.5,54770.0,MT,Urban Infra Metals
2022-06-23,TMT REBAR FE550D DIA 32mm,31.63,1735221.8,54860.0,MT,Urban Infra Metals
2022-06-23,TMT REBAR FE500 DIA 10mm,39.0,2012790.0,51610.0,MT,Shakti Steel Traders
2022-06-23,TMT REBAR FE550D DIA 20mm,10.78,598505.6,55520.0,MT,SteelMax Solutions
2022-06-27,TMT REBAR FE550D DIA 20mm,18.75,1043718.75,55665.0,MT,SteelMax Solutions
2022-06-27,TMT REBAR FE550 DIA 10mm,16.62,909197.1,54705.0,MT,Urban Infra Metals
2022-07-01,TMT REBAR FE550D DIA 16mm,7.86,438588.0,55800.0,MT,Urban Infra Metals
2022-07-01,TMT REBAR FE550D DIA 16mm,19.35,1071119.25,55355.0,MT,Prime TMT Dealers
2022-07-04,TMT REBAR FE550D DIA 10mm,18.38,1024409.3,55735.0,MT,MetroBuild Supplies
2022-07-05,TMT REBAR FE500 DIA 12mm,47.49,2504860.05,52745.0,MT,Urban Infra Metals
2022-07-06,TMT REBAR FE500 DIA 8mm,20.9,1098086.0,52540.0,MT,SteelMax Solutions
2022-07-07,TMT REBAR FE550 DIA 8mm,44.58,2406428.4,53980.0,MT,MetroBuild Supplies
2022-07-08,TMT REBAR FE550 DIA 16mm,19.15,1040228.0,54320.0,MT,Prime TMT Dealers
2022-07-08,TMT REBAR FE500 DIA 20mm,10.13,525949.6,51920.0,MT,Urban Infra Metals
2022-07-12,TMT REBAR FE500D DIA 20mm,19.54,1035620.0,53000.0,MT,Prime TMT Dealers
2022-07-14,TMT REBAR FE550D DIA 8mm,32.47,1794454.55,55265.0,MT,Prime TMT Dealers
2022-07-15,TMT REBAR FE550 DIA 8mm,11.69,627110.05,53645.0,MT,Urban Infra Metals
2022-07-15,TMT REBAR FE550D DIA 12mm,41.86,2296021.0,54850.0,MT,SteelMax Solutions
2022-07-15,TMT REBAR FE550 DIA 10mm,46.44,2538874.8,54670.0,MT,Shakti Steel Traders
2022-07-15,TMT REBAR FE500 DIA 20mm,47.93,2461205.5,51350.0,MT,MetroBuild Supplies
2022-07-18,TMT REBAR FE500 DIA 10mm,14.58,764429.4,52430.0,MT,SteelMax Solutions
2022-07-18,TMT REBAR FE550 DIA 16mm,45.35,2436655.5,53730.0,MT,Prime TMT Dealers
2022-07-19,TMT REBAR FE500D DIA 25mm,13.79,723975.0,52500.0,MT,Urban Infra Metals
2022-07-20,TMT REBAR FE500 DIA 25mm,31.56,1654690.8,52430.0,MT,Urban Infra Metals
2022-07-22,TMT REBAR FE550 DIA 16mm,16.04,853087.4,53185.0,MT,Prime TMT Dealers
2022-07-26,TMT REBAR FE500 DIA 20mm,10.8,559926.0,51845.0,MT,SteelMax Solutions
2022-07-26,TMT REBAR FE500D DIA 32mm,11.19,590943.9,52810.0,MT,Shakti Steel Traders
2022-07-27,TMT REBAR FE500D DIA 12mm,48.61,2566121.9,52790.0,MT,Shakti Steel Traders
2022-07-27,TMT REBAR FE500D DIA 20mm,10.43,554093.75,53125.0,MT,Prime TMT Dealers
2022-07-28,TMT REBAR FE500D DIA 12mm,7.82,413326.1,52855.0,MT,Shakti Steel Traders
2022-07-28,TMT REBAR FE500D DIA 12mm,28.72,1503204.8,52340.0,MT,SteelMax Solutions
2022-07-29,TMT REBAR FE500 DIA 12mm,34.56,1791590.4,51840.0,MT,Urban Infra Metals
2022-07-29,TMT REBAR FE500D DIA 32mm,49.6,2650376.0,53435.0,MT,Prime TMT Dealers
2022-08-03,TMT REBAR FE550 DIA 8mm,43.02,2329748.1,54155.0,MT,SteelMax Solutions
2022-08-03,TMT REBAR FE500D DIA 8mm,43.71,2300894.4,52640.0,MT,Shakti Steel Traders
2022-08-04,TMT REBAR FE550D DIA 12mm,42.32,2332255.2,55110.0,MT,MetroBuild Supplies
2022-08-04,TMT REBAR FE550D DIA 10mm,5.5,303435.0,55170.0,MT,SteelMax Solutions
2022-08-05,TMT REBAR FE550 DIA 12mm,40.97,2203776.3,53790.0,MT,Prime TMT Dealers
2022-08-05,TMT REBAR FE500 DIA 16mm,28.35,1462434.75,51585.0,MT,MetroBuild Supplies
2022-08-09,TMT REBAR FE550 DIA 10mm,29.6,1593960.0,53850.0,MT,Urban Infra Metals
2022-08-10,TMT REBAR FE550 DIA 16mm,8.99,480380.65,53435.0,MT,SteelMax Solutions
2022-08-10,TMT REBAR FE550D DIA 10mm,15.38,837671.7,54465.0,MT,Prime TMT Dealers
2022-08-10,TMT REBAR FE500 DIA 32mm,43.78,2260142.5,51625.0,MT,Shakti Steel Traders
2022-08-10,TMT REBAR FE500D DIA 25mm,24.01,1262926.0,52600.0,MT,Prime TMT Dealers
2022-08-10,TMT REBAR FE500D DIA 25mm,36.83,1945913.05,52835.0,MT,Urban Infra Metals
2022-08-10,TMT REBAR FE500 DIA 10mm,20.56,1067989.2,51945.0,MT,Prime TMT Dealers
2022-08-11,TMT REBAR FE500D DIA 20mm,8.12,424838.4,52320.0,MT,Shakti Steel Traders
2022-08-11,TMT REBAR FE550 DIA 32mm,7.17,381945.9,53270.0,MT,Shakti Steel Traders
2022-08-12,TMT REBAR FE500D DIA 8mm,33.54,1773427.5,52875.0,MT,Urban Infra Metals
2022-08-12,TMT REBAR FE550 DIA 20mm,39.21,2107537.5,53750.0,MT,SteelMax Solutions
2022-08-12,TMT REBAR FE550D DIA 16mm,36.27,1977621.75,54525.0,MT,SteelMax Solutions
2022-08-15,TMT REBAR FE550D DIA 8mm,18.54,998100.9,53835.0,MT,Prime TMT Dealers
2022-08-16,TMT REBAR FE500 DIA 20mm,39.42,2029735.8,51490.0,MT,MetroBuild Supplies
2022-08-18,TMT REBAR FE550 DIA 16mm,21.7,1154114.5,53185.0,MT,Prime TMT Dealers
2022-08-19,TMT REBAR FE500D DIA 16mm,49.77,2617404.3,52590.0,MT,Shakti Steel Traders
2022-08-19,TMT REBAR FE550D DIA 32mm,12.89,697864.6,54140.0,MT,Prime TMT Dealers
2022-08-19,TMT REBAR FE500D DIA 12mm,41.53,2167658.35,52195.0,MT,Urban Infra Metals
2022-08-23,TMT REBAR FE500D DIA 10mm,9.69,508288.95,52455.0,MT,Prime TMT Dealers
2022-08-24,TMT REBAR FE550 DIA 12mm,27.83,1490992.25,53575.0,MT,Prime TMT Dealers
2022-08-25,TMT REBAR FE500D DIA 32mm,37.98,2040285.6,53720.0,MT,Prime TMT Dealers
2022-08-26,TMT REBAR FE550 DIA 10mm,14.67,787192.2,53660.0,MT,MetroBuild Supplies
2022-08-26,TMT REBAR FE550 DIA 12mm,25.88,1387426.8,53610.0,MT,Prime TMT Dealers
2022-08-29,TMT REBAR FE500D DIA 20mm,14.99,787799.45,52555.0,MT,MetroBuild Supplies
2022-08-29,TMT REBAR FE500D DIA 10mm,20.86,1094941.4,52490.0,MT,SteelMax Solutions
2022-08-31,TMT REBAR FE550D DIA 10mm,16.71,913702.8,54680.0,MT,SteelMax Solutions
2022-09-01,TMT REBAR FE500D DIA 8mm,43.31,2274641.2,52520.0,MT,MetroBuild Supplies
2022-09-05,TMT REBAR FE550D DIA 20mm,20.21,1103567.05,54605.0,MT,Prime TMT Dealers
2022-09-06,TMT REBAR FE500 DIA 25mm,5.21,266725.95,51195.0,MT,MetroBuild Supplies
2022-09-07,TMT REBAR FE550D DIA 32mm,29.79,1639939.5,55050.0,MT,Urban Infra Metals
2022-09-12,TMT REBAR FE500 DIA 25mm,25.35,1294244.25,51055.0,MT,SteelMax Solutions
2022-09-12,TMT REBAR FE500D DIA 20mm,8.82,463226.4,52520.0,MT,Urban Infra Metals
2022-09-12,TMT REBAR FE500D DIA 8mm,36.22,1920927.7,53035.0,MT,SteelMax Solutions
2022-09-13,TMT REBAR FE500D DIA 20mm,47.73,2512268.55,52635.0,MT,MetroBuild Supplies
2022-09-14,TMT REBAR FE550D DIA 32mm,33.26,1826306.6,54910.0,MT,Urban Infra Metals
2022-09-16,TMT REBAR FE550 DIA 10mm,9.46,511927.9,54115.0,MT,Shakti Steel Traders
2022-09-19,TMT REBAR FE550D DIA 10mm,16.55,893865.5,54010.0,MT,Urban Infra Metals
2022-09-20,TMT REBAR FE550D DIA 8mm,5.83,312837.8,53660.0,MT,SteelMax Solutions
2022-09-20,TMT REBAR FE500D DIA 20mm,34.7,1830078.0,52740.0,MT,Urban Infra Metals
2022-09-22,TMT REBAR FE500D DIA 8mm,10.83,571282.5,52750.0,MT,SteelMax Solutions
2022-09-22,TMT REBAR FE550D DIA 20mm,28.9,1572449.0,54410.0,MT,SteelMax Solutions
2022-09-23,TMT REBAR FE500 DIA 10mm,23.89,1214567.6,50840.0,MT,SteelMax Solutions
2022-09-27,TMT REBAR FE500D DIA 32mm,16.11,837961.65,52015.0,MT,SteelMax Solutions
2022-09-27,TMT REBAR FE550 DIA 16mm,19.79,1062228.25,53675.0,MT,SteelMax Solutions
2022-09-28,TMT REBAR FE500D DIA 32mm,24.09,1266049.95,52555.0,MT,Shakti Steel Traders
2022-09-29,TMT REBAR FE500 DIA 16mm,29.73,1529757.15,51455.0,MT,Urban Infra Metals
2022-09-29,TMT REBAR FE500D DIA 8mm,6.0,314400.0,52400.0,MT,Prime TMT Dealers
2022-09-30,TMT REBAR FE500D DIA 25mm,48.33,2569706.1,53170.0,MT,Shakti Steel Traders
2022-09-30,TMT REBAR FE550D DIA 10mm,33.68,1866208.8,55410.0,MT,SteelMax Solutions
2022-10-05,TMT REBAR FE550 DIA 32mm,14.01,753808.05,53805.0,MT,Urban Infra Metals
2022-10-07,TMT REBAR FE500D DIA 20mm,30.21,1587082.35,52535.0,MT,Urban Infra Metals
2022-10-07,TMT REBAR FE550D DIA 25mm,48.73,2690626.95,55215.0,MT,MetroBuild Supplies
2022-10-07,TMT REBAR FE550D DIA 20mm,9.56,523792.4,54790.0,MT,SteelMax Solutions
2022-10-10,TMT REBAR FE550D DIA 25mm,42.67,2337889.3,54790.0,MT,Shakti Steel Traders
2022-10-10,TMT REBAR FE550D DIA 32mm,7.04,388537.6,55190.0,MT,Urban Infra Metals
2022-10-11,TMT REBAR FE550 DIA 12mm,37.36,1997826.0,53475.0,MT,SteelMax Solutions
2022-10-12,TMT REBAR FE500 DIA 12mm,40.41,2104552.8,52080.0,MT,SteelMax Solutions
2022-10-13,TMT REBAR FE550 DIA 12mm,33.67,1818011.65,53995.0,MT,Urban Infra Metals
2022-10-13,TMT REBAR FE550D DIA 10mm,36.6,2015928.0,55080.0,MT,SteelMax Solutions
2022-10-14,TMT REBAR FE550 DIA 8mm,39.12,2071599.6,52955.0,MT,SteelMax Solutions
2022-10-14,TMT REBAR FE550 DIA 20mm,24.18,1279726.5,52925.0,MT,SteelMax Solutions
2022-10-14,TMT REBAR FE500D DIA 16mm,20.73,1092574.65,52705.0,MT,MetroBuild Supplies
2022-10-14,TMT REBAR FE500 DIA 10mm,40.95,2110767.75,51545.0,MT,Prime TMT Dealers
2022-10-18,TMT REBAR FE550 DIA 12mm,25.45,1348213.75,52975.0,MT,Prime TMT Dealers
2022-10-18,TMT REBAR FE500D DIA 32mm,31.92,1680747.6,52655.0,MT,MetroBuild Supplies
2022-10-19,TMT REBAR FE550 DIA 20mm,33.07,1808598.3,54690.0,MT,MetroBuild Supplies
2022-10-19,TMT REBAR FE500 DIA 8mm,11.75,603186.25,51335.0,MT,Prime TMT Dealers
2022-10-19,TMT REBAR FE550D DIA 25mm,38.99,2132753.0,54700.0,MT,MetroBuild Supplies
2022-10-20,TMT REBAR FE500D DIA 32mm,33.09,1741361.25,52625.0,MT,SteelMax Solutions
2022-10-21,TMT REBAR FE550 DIA 20mm,28.31,1528173.8,53980.0,MT,SteelMax Solutions
2022-10-21,TMT REBAR FE500 DIA 25mm,5.59,283636.6,50740.0,MT,Shakti Steel Traders
2022-10-24,TMT REBAR FE550D DIA 32mm,6.11,332200.7,54370.0,MT,Shakti Steel Traders
2022-10-24,TMT REBAR FE550D DIA 10mm,28.97,1580458.35,54555.0,MT,Prime TMT Dealers
2022-10-24,TMT REBAR FE500D DIA 12mm,29.42,1534841.4,52170.0,MT,MetroBuild Supplies
2022-10-25,TMT REBAR FE550D DIA 32mm,19.03,1012300.85,53195.0,MT,Shakti Steel Traders
2022-10-26,TMT REBAR FE550 DIA 10mm,7.46,404145.5,54175.0,MT,MetroBuild Supplies
2022-10-31,TMT REBAR FE500D DIA 8mm,49.86,2622636.0,52600.0,MT,Prime TMT Dealers
2022-11-01,TMT REBAR FE550 DIA 32mm,35.23,1901363.1,53970.0,MT,Shakti Steel Traders
2022-11-01,TMT REBAR FE550D DIA 12mm,23.19,1259912.7,54330.0,MT,MetroBuild Supplies
2022-11-03,TMT REBAR FE500 DIA 16mm,9.8,507591.0,51795.0,MT,SteelMax Solutions
2022-11-04,TMT REBAR FE500D DIA 16mm,8.31,437064.45,52595.0,MT,SteelMax Solutions
2022-11-07,TMT REBAR FE550 DIA 16mm,43.85,2343124.75,53435.0,MT,SteelMax Solutions
2022-11-07,TMT REBAR FE550D DIA 25mm,13.19,723999.1,54890.0,MT,Shakti Steel Traders
2022-11-07,TMT REBAR FE550 DIA 10mm,34.92,1868569.2,53510.0,MT,MetroBuild Supplies
2022-11-08,TMT REBAR FE550D DIA 25mm,35.75,1928712.5,53950.0,MT,Prime TMT Dealers
2022-11-10,TMT REBAR FE550 DIA 12mm,19.64,1064488.0,54200.0,MT,Urban Infra Metals
2022-11-11,TMT REBAR FE500D DIA 10mm,11.03,590821.95,53565.0,MT,Urban Infra Metals
2022-11-14,TMT REBAR FE500 DIA 12mm,27.73,1441128.1,51970.0,MT,Urban Infra Metals
2022-11-14,TMT REBAR FE500 DIA 32mm,23.42,1197815.9,51145.0,MT,Shakti Steel Traders
2022-11-14,TMT REBAR FE500D DIA 25mm,14.59,771811.0,52900.0,MT,Prime TMT Dealers
2022-11-16,TMT REBAR FE550D DIA 12mm,34.53,1908818.4,55280.0,MT,SteelMax Solutions
2022-11-16,TMT REBAR FE500 DIA 32mm,32.68,1712758.8,52410.0,MT,SteelMax Solutions
2022-11-16,TMT REBAR FE550 DIA 32mm,37.13,1990724.95,53615.0,MT,Urban Infra Metals
2022-11-16,TMT REBAR FE550 DIA 16mm,15.23,822267.7,53990.0,MT,Shakti Steel Traders
2022-11-18,TMT REBAR FE500D DIA 12mm,31.19,1650418.85,52915.0,MT,Prime TMT Dealers
2022-11-18,TMT REBAR FE550D DIA 25mm,40.77,2295758.7,56310.0,MT,Urban Infra Metals
2022-11-22,TMT REBAR FE550 DIA 16mm,36.32,1963277.6,54055.0,MT,Urban Infra Metals
2022-11-25,TMT REBAR FE550 DIA 16mm,5.24,287021.0,54775.0,MT,MetroBuild Supplies
2022-11-25,TMT REBAR FE550 DIA 25mm,17.6,965448.0,54855.0,MT,Shakti Steel Traders
2022-11-28,TMT REBAR FE500 DIA 20mm,10.27,538918.25,52475.0,MT,MetroBuild Supplies
2022-12-05,TMT REBAR FE550D DIA 25mm,17.34,972080.4,56060.0,MT,Shakti Steel Traders
2022-12-05,TMT REBAR FE550 DIA 32mm,5.42,296121.7,54635.0,MT,Urban Infra Metals
2022-12-06,TMT REBAR FE500D DIA 20mm,6.4,342592.0,53530.0,MT,Shakti Steel Traders
2022-12-08,TMT REBAR FE550D DIA 8mm,17.99,984412.8,54720.0,MT,Urban Infra Metals
2022-12-08,TMT REBAR FE550D DIA 10mm,29.94,1663616.1,55565.0,MT,Urban Infra Metals
2022-12-12,TMT REBAR FE550 DIA 16mm,32.63,1786492.5,54750.0,MT,Prime TMT Dealers
2022-12-12,TMT REBAR FE550D DIA 32mm,7.31,399162.55,54605.0,MT,SteelMax Solutions
2022-12-13,TMT REBAR FE550 DIA 20mm,36.59,1993606.15,54485.0,MT,Shakti Steel Traders
2022-12-15,TMT REBAR FE550 DIA 12mm,22.87,1247215.45,54535.0,MT,Prime TMT Dealers
2022-12-15,TMT REBAR FE500D DIA 32mm,13.15,695766.5,52910.0,MT,SteelMax Solutions
2022-12-16,TMT REBAR FE550D DIA 20mm,13.65,751159.5,55030.0,MT,SteelMax Solutions
2022-12-19,TMT REBAR FE550 DIA 8mm,19.4,1054681.0,54365.0,MT,SteelMax Solutions
2022-12-20,TMT REBAR FE500D DIA 12mm,14.18,755510.4,53280.0,MT,Urban Infra Metals
2022-12-23,TMT REBAR FE550D DIA 25mm,47.18,2622736.2,55590.0,MT,SteelMax Solutions
2022-12-26,TMT REBAR FE550D DIA 12mm,39.24,2154668.4,54910.0,MT,Urban Infra Metals
2022-12-27,TMT REBAR FE500D DIA 32mm,15.52,840330.4,54145.0,MT,SteelMax Solutions
2022-12-28,TMT REBAR FE500 DIA 25mm,14.54,768220.9,52835.0,MT,Shakti Steel Traders
2022-12-29,TMT REBAR FE500D DIA 12mm,5.75,311103.75,54105.0,MT,Shakti Steel Traders
2022-12-30,TMT REBAR FE500D DIA 20mm,19.74,1053326.4,53360.0,MT,Shakti Steel Traders
2023-01-02,TMT REBAR FE500 DIA 25mm,7.93,415809.55,52435.0,MT,Shakti Steel Traders
2023-01-02,TMT REBAR FE550 DIA 20mm,14.38,784285.2,54540.0,MT,Prime TMT Dealers
2023-01-09,TMT REBAR FE550 DIA 25mm,25.48,1411464.6,55395.0,MT,MetroBuild Supplies
2023-01-10,TMT REBAR FE550D DIA 32mm,29.33,1631041.3,55610.0,MT,Prime TMT Dealers
2023-01-11,TMT REBAR FE550D DIA 25mm,13.25,737892.5,55690.0,MT,MetroBuild Supplies
2023-01-11,TMT REBAR FE550D DIA 16mm,23.53,1345210.1,57170.0,MT,Shakti Steel Traders
2023-01-12,TMT REBAR FE550D DIA 32mm,36.37,2018353.15,55495.0,MT,Prime TMT Dealers
2023-01-13,TMT REBAR FE550 DIA 10mm,18.56,999734.4,53865.0,MT,Urban Infra Metals
2023-01-16,TMT REBAR FE500D DIA 32mm,30.74,1651813.9,53735.0,MT,Prime TMT Dealers
2023-01-17,TMT REBAR FE500 DIA 10mm,34.92,1863331.2,53360.0,MT,MetroBuild Supplies
2023-01-18,TMT REBAR FE500D DIA 12mm,10.97,589034.15,53695.0,MT,Prime TMT Dealers
2023-01-18,TMT REBAR FE550 DIA 12mm,29.11,1612402.9,55390.0,MT,SteelMax Solutions
2023-01-18,TMT REBAR FE500D DIA 12mm,32.82,1763910.9,53745.0,MT,Prime TMT Dealers
2023-01-18,TMT REBAR FE500D DIA 32mm,41.99,2297482.85,54715.0,MT,Urban Infra Metals
2023-01-19,TMT REBAR FE500D DIA 12mm,11.27,602212.45,53435.0,MT,MetroBuild Supplies
2023-01-19,TMT REBAR FE550 DIA 25mm,9.19,499706.25,54375.0,MT,MetroBuild Supplies
2023-01-23,TMT REBAR FE550D DIA 32mm,36.35,2035781.75,56005.0,MT,SteelMax Solutions
2023-01-25,TMT REBAR FE550 DIA 32mm,34.29,1894865.4,55260.0,MT,Prime TMT Dealers
2023-01-27,TMT REBAR FE550 DIA 16mm,8.53,464074.65,54405.0,MT,SteelMax Solutions
2023-01-27,TMT REBAR FE550 DIA 25mm,43.22,2414917.5,55875.0,MT,MetroBuild Supplies
2023-01-30,TMT REBAR FE550D DIA 32mm,12.87,708429.15,55045.0,MT,Prime TMT Dealers
2023-02-02,TMT REBAR FE550 DIA 10mm,49.4,2737501.0,55415.0,MT,Urban Infra Metals
2023-02-03,TMT REBAR FE550 DIA 20mm,37.92,2140773.6,56455.0,MT,Shakti Steel Traders
2023-02-03,TMT REBAR FE500 DIA 32mm,39.36,2118355.2,53820.0,MT,Prime TMT Dealers
2023-02-06,TMT REBAR FE500D DIA 32mm,25.29,1407894.3,55670.0,MT,Prime TMT Dealers
2023-02-06,TMT REBAR FE550D DIA 25mm,41.47,2334346.3,56290.0,MT,Prime TMT Dealers
2023-02-07,TMT REBAR FE550D DIA 16mm,25.79,1458037.65,56535.0,MT,MetroBuild Supplies
2023-02-08,TMT REBAR FE550 DIA 16mm,24.87,1375062.3,55290.0,MT,Prime TMT Dealers
2023-02-08,TMT REBAR FE500 DIA 10mm,5.93,315031.25,53125.0,MT,Urban Infra Metals
2023-02-09,TMT REBAR FE550 DIA 25mm,48.63,2702369.1,55570.0,MT,Shakti Steel Traders
2023-02-09,TMT REBAR FE550D DIA 10mm,39.71,2238651.25,56375.0,MT,Shakti Steel Traders
2023-02-09,TMT REBAR FE550D DIA 12mm,49.57,2755348.45,55585.0,MT,SteelMax Solutions
2023-02-10,TMT REBAR FE500 DIA 16mm,16.6,892831.0,53785.0,MT,Shakti Steel Traders
2023-02-10,TMT REBAR FE500 DIA 8mm,14.99,803763.8,53620.0,MT,Shakti Steel Traders
2023-02-13,TMT REBAR FE500 DIA 25mm,44.45,2386742.75,53695.0,MT,SteelMax Solutions
2023-02-13,TMT REBAR FE500D DIA 12mm,21.01,1136851.1,54110.0,MT,Shakti Steel Traders
2023-02-13,TMT REBAR FE500D DIA 10mm,32.88,1755298.8,53385.0,MT,SteelMax Solutions
2023-02-13,TMT REBAR FE500 DIA 20mm,27.43,1478339.85,53895.0,MT,Urban Infra Metals
2023-02-13,TMT REBAR FE500D DIA 16mm,17.48,951436.4,54430.0,MT,Prime TMT Dealers
2023-02-15,TMT REBAR FE500 DIA 32mm,41.86,2278439.8,54430.0,MT,SteelMax Solutions
2023-02-16,TMT REBAR FE500 DIA 25mm,18.19,984806.6,54140.0,MT,Shakti Steel Traders
2023-02-17,TMT REBAR FE500D DIA 32mm,34.71,1900546.05,54755.0,MT,MetroBuild Supplies
2023-02-17,TMT REBAR FE550 DIA 8mm,24.22,1341788.0,55400.0,MT,Shakti Steel Traders
2023-02-17,TMT REBAR FE500D DIA 12mm,49.61,2734503.2,55120.0,MT,SteelMax Solutions
2023-02-23,TMT REBAR FE500 DIA 16mm,30.44,1641324.8,53920.0,MT,Shakti Steel Traders
2023-02-23,TMT REBAR FE500 DIA 8mm,10.39,559605.4,53860.0,MT,Prime TMT Dealers
2023-02-23,TMT REBAR FE500 DIA 32mm,46.48,2513406.0,54075.0,MT,Prime TMT Dealers
2023-02-27,TMT REBAR FE500D DIA 16mm,48.25,2627453.75,54455.0,MT,MetroBuild Supplies
2023-02-28,TMT REBAR FE550D DIA 32mm,12.98,738626.9,56905.0,MT,MetroBuild Supplies
2023-02-28,TMT REBAR FE500 DIA 20mm,47.51,2550336.8,53680.0,MT,MetroBuild Supplies
2023-03-01,TMT REBAR FE500 DIA 32mm,35.79,1903849.05,53195.0,MT,SteelMax Solutions
2023-03-02,TMT REBAR FE500D DIA 20mm,15.74,859167.9,54585.0,MT,Prime TMT Dealers
2023-03-02,TMT REBAR FE500D DIA 20mm,9.3,505176.0,54320.0,MT,Shakti Steel Traders
2023-03-03,TMT REBAR FE550 DIA 12mm,25.62,1437410.1,56105.0,MT,Prime TMT Dealers
2023-03-07,TMT REBAR FE550 DIA 20mm,33.53,1869297.5,55750.0,MT,Prime TMT Dealers
2023-03-07,TMT REBAR FE550 DIA 16mm,20.7,1156923.0,55890.0,MT,Urban Infra Metals
2023-03-10,TMT REBAR FE550 DIA 20mm,37.88,2151773.4,56805.0,MT,Prime TMT Dealers
2023-03-14,TMT REBAR FE550D DIA 25mm,33.32,1888077.8,56665.0,MT,SteelMax Solutions
2023-03-14,TMT REBAR FE500D DIA 12mm,12.83,705521.7,54990.0,MT,SteelMax Solutions
2023-03-15,TMT REBAR FE500D DIA 12mm,17.34,941648.7,54305.0,MT,Prime TMT Dealers
2023-03-16,TMT REBAR FE500D DIA 25mm,18.71,1032137.15,55165.0,MT,Prime TMT Dealers
2023-03-17,TMT REBAR FE550D DIA 8mm,40.68,2318963.4,57005.0,MT,Shakti Steel Traders
2023-03-17,TMT REBAR FE500D DIA 10mm,12.02,661460.6,55030.0,MT,Shakti Steel Traders
2023-03-17,TMT REBAR FE550D DIA 20mm,27.84,1577832.0,56675.0,MT,Urban Infra Metals
2023-03-17,TMT REBAR FE550D DIA 32mm,30.18,1704264.6,56470.0,MT,Prime TMT Dealers
2023-03-20,TMT REBAR FE500 DIA 32mm,31.25,1695625.0,54260.0,MT,Prime TMT Dealers
2023-03-22,TMT REBAR FE550D DIA 25mm,14.95,857382.5,57350.0,MT,SteelMax Solutions
2023-03-22,TMT REBAR FE500 DIA 10mm,6.42,351751.8,54790.0,MT,Shakti Steel Traders
2023-03-23,TMT REBAR FE500D DIA 10mm,15.78,864428.4,54780.0,MT,Urban Infra Metals
2023-03-23,TMT REBAR FE550D DIA 8mm,32.82,1855314.6,56530.0,MT,Urban Infra Metals
2023-03-24,TMT REBAR FE550 DIA 10mm,6.18,342032.1,55345.0,MT,MetroBuild Supplies
2023-03-28,TMT REBAR FE550D DIA 10mm,25.68,1466584.8,57110.0,MT,Urban Infra Metals
2023-03-28,TMT REBAR FE500 DIA 10mm,23.82,1301882.1,54655.0,MT,MetroBuild Supplies
2023-03-30,TMT REBAR FE500 DIA 25mm,42.11,2298574.35,54585.0,MT,Prime TMT Dealers
2023-04-07,TMT REBAR FE500D DIA 32mm,31.36,1724329.6,54985.0,MT,Prime TMT Dealers
2023-04-10,TMT REBAR FE500D DIA 32mm,18.15,999248.25,55055.0,MT,Shakti Steel Traders
2023-04-11,TMT REBAR FE550D DIA 12mm,48.09,2724538.95,56655.0,MT,SteelMax Solutions
2023-04-11,TMT REBAR FE550 DIA 32mm,18.74,1058622.6,56490.0,MT,SteelMax Solutions
2023-04-11,TMT REBAR FE500D DIA 16mm,10.41,570728.25,54825.0,MT,SteelMax Solutions
2023-04-12,TMT REBAR FE550D DIA 25mm,18.39,1064781.0,57900.0,MT,Urban Infra Metals
2023-04-14,TMT REBAR FE500 DIA 8mm,15.68,838252.8,53460.0,MT,Urban Infra Metals
2023-04-17,TMT REBAR FE500D DIA 16mm,20.71,1150336.95,55545.0,MT,Prime TMT Dealers
2023-04-18,TMT REBAR FE500D DIA 32mm,11.62,638402.8,54940.0,MT,Shakti Steel Traders
2023-04-19,TMT REBAR FE500 DIA 32mm,42.79,2333124.75,54525.0,MT,MetroBuild Supplies
2023-04-19,TMT REBAR FE550D DIA 32mm,44.51,2562218.15,57565.0,MT,Shakti Steel Traders
2023-04-20,TMT REBAR FE550 DIA 12mm,12.15,684652.5,56350.0,MT,Prime TMT Dealers
2023-04-20,TMT REBAR FE500 DIA 16mm,41.02,2212618.8,53940.0,MT,Shakti Steel Traders
2023-04-24,TMT REBAR FE500 DIA 10mm,45.16,2482219.4,54965.0,MT,Prime TMT Dealers
2023-04-25,TMT REBAR FE500 DIA 32mm,8.57,458537.85,53505.0,MT,Urban Infra Metals
2023-04-26,TMT REBAR FE550D DIA 20mm,33.5,1906150.0,56900.0,MT,SteelMax Solutions
2023-04-26,TMT REBAR FE500 DIA 20mm,45.23,2426363.35,53645.0,MT,Prime TMT Dealers
2023-04-26,TMT REBAR FE550D DIA 16mm,29.84,1673576.4,56085.0,MT,SteelMax Solutions
2023-04-27,TMT REBAR FE550 DIA 8mm,49.15,2712588.5,55190.0,MT,SteelMax Solutions
2023-04-28,TMT REBAR FE550 DIA 8mm,25.24,1405110.8,55670.0,MT,Prime TMT Dealers
2023-05-01,TMT REBAR FE500 DIA 16mm,33.95,1850784.25,54515.0,MT,Prime TMT Dealers
2023-05-02,TMT REBAR FE500 DIA 10mm,46.51,2519214.15,54165.0,MT,SteelMax Solutions
2023-05-02,TMT REBAR FE550D DIA 32mm,10.39,592593.65,57035.0,MT,Prime TMT Dealers
2023-05-03,TMT REBAR FE500 DIA 25mm,26.81,1432994.5,53450.0,MT,MetroBuild Supplies
2023-05-03,TMT REBAR FE500D DIA 32mm,13.3,720594.0,54180.0,MT,MetroBuild Supplies
2023-05-04,TMT REBAR FE550 DIA 16mm,27.28,1522633.2,55815.0,MT,MetroBuild Supplies
2023-05-05,TMT REBAR FE550 DIA 20mm,42.99,2410449.3,56070.0,MT,MetroBuild Supplies
2023-05-05,TMT REBAR FE500D DIA 16mm,15.89,871804.85,54865.0,MT,Shakti Steel Traders
2023-05-08,TMT REBAR FE500D DIA 16mm,31.23,1701410.4,54480.0,MT,Shakti Steel Traders
2023-05-09,TMT REBAR FE500D DIA 20mm,33.63,1838383.95,54665.0,MT,Prime TMT Dealers
2023-05-09,TMT REBAR FE550D DIA 32mm,28.05,1592258.25,56765.0,MT,Prime TMT Dealers
2023-05-11,TMT REBAR FE550 DIA 25mm,40.51,2244659.1,55410.0,MT,Urban Infra Metals
2023-05-12,TMT REBAR FE550 DIA 20mm,12.04,674179.8,55995.0,MT,Shakti Steel Traders
2023-05-15,TMT REBAR FE550D DIA 10mm,9.57,544676.55,56915.0,MT,Urban Infra Metals
2023-05-15,TMT REBAR FE550D DIA 16mm,34.65,1980767.25,57165.0,MT,MetroBuild Supplies
2023-05-16,TMT REBAR FE550D DIA 16mm,6.83,393920.25,57675.0,MT,MetroBuild Supplies
2023-05-17,TMT REBAR FE550D DIA 25mm,49.32,2800389.6,56780.0,MT,SteelMax Solutions
2023-05-17,TMT REBAR FE550D DIA 8mm,46.37,2640075.95,56935.0,MT,MetroBuild Supplies
2023-05-18,TMT REBAR FE500D DIA 25mm,7.85,427511.0,54460.0,MT,Shakti Steel Traders
2023-05-18,TMT REBAR FE550 DIA 20mm,37.22,2074456.7,55735.0,MT,Prime TMT Dealers
2023-05-19,TMT REBAR FE550D DIA 10mm,31.47,1822113.0,57900.0,MT,Urban Infra Metals
2023-05-22,TMT REBAR FE550 DIA 25mm,36.61,2040275.3,55730.0,MT,SteelMax Solutions
2023-05-22,TMT REBAR FE550D DIA 8mm,12.89,730605.2,56680.0,MT,Shakti Steel Traders
2023-05-23,TMT REBAR FE550D DIA 16mm,44.19,2515736.7,56930.0,MT,MetroBuild Supplies
2023-05-24,TMT REBAR FE500 DIA 16mm,16.69,885404.5,53050.0,MT,Urban Infra Metals
2023-05-26,TMT REBAR FE500 DIA 10mm,12.14,649125.8,53470.0,MT,MetroBuild Supplies
2023-05-26,TMT REBAR FE500D DIA 16mm,37.1,2027144.0,54640.0,MT,SteelMax Solutions
2023-05-26,TMT REBAR FE500 DIA 12mm,46.94,2484768.9,52935.0,MT,Shakti Steel Traders
2023-05-30,TMT REBAR FE500 DIA 25mm,28.06,1505278.7,53645.0,MT,MetroBuild Supplies
2023-05-30,TMT REBAR FE550 DIA 25mm,13.16,732946.2,55695.0,MT,Shakti Steel Traders
2023-05-30,TMT REBAR FE500D DIA 32mm,33.08,1822211.8,55085.0,MT,Shakti Steel Traders
2023-05-30,TMT REBAR FE550D DIA 12mm,24.76,1394854.6,56335.0,MT,MetroBuild Supplies
2023-06-01,TMT REBAR FE550 DIA 32mm,44.07,2480039.25,56275.0,MT,MetroBuild Supplies
2023-06-02,TMT REBAR FE550D DIA 32mm,17.69,1006737.9,56910.0,MT,SteelMax Solutions
2023-06-05,TMT REBAR FE500D DIA 10mm,9.75,533373.75,54705.0,MT,Urban Infra Metals
2023-06-05,TMT REBAR FE500 DIA 16mm,13.09,702867.55,53695.0,MT,Prime TMT Dealers
2023-06-05,TMT REBAR FE500 DIA 25mm,34.34,1850926.0,53900.0,MT,MetroBuild Supplies
2023-06-06,TMT REBAR FE500 DIA 12mm,6.06,328058.1,54135.0,MT,Urban Infra Metals
2023-06-07,TMT REBAR FE500 DIA 16mm,21.31,1138593.3,53430.0,MT,Shakti Steel Traders
2023-06-08,TMT REBAR FE500D DIA 10mm,9.31,509675.95,54745.0,MT,SteelMax Solutions
2023-06-13,TMT REBAR FE500D DIA 32mm,18.21,1004099.4,55140.0,MT,MetroBuild Supplies
2023-06-16,TMT REBAR FE500 DIA 16mm,41.78,2250270.8,53860.0,MT,Shakti Steel Traders
2023-06-16,TMT REBAR FE550 DIA 16mm,43.91,2383873.9,54290.0,MT,Shakti Steel Traders
2023-06-19,TMT REBAR FE500D DIA 10mm,32.71,1782858.55,54505.0,MT,Prime TMT Dealers
2023-06-20,TMT REBAR FE550D DIA 25mm,8.46,472702.5,55875.0,MT,MetroBuild Supplies
2023-06-21,TMT REBAR FE500 DIA 20mm,45.28,2391689.6,52820.0,MT,Urban Infra Metals
2023-06-21,TMT REBAR FE500 DIA 8mm,11.43,612876.6,53620.0,MT,Prime TMT Dealers
2023-06-23,TMT REBAR FE550 DIA 25mm,23.03,1260662.2,54740.0,MT,Prime TMT Dealers
2023-06-26,TMT REBAR FE500 DIA 16mm,30.22,1618885.4,53570.0,MT,Urban Infra Metals
2023-06-26,TMT REBAR FE550 DIA 25mm,40.77,2250504.0,55200.0,MT,MetroBuild Supplies
2023-06-26,TMT REBAR FE500 DIA 25mm,39.65,2122068.0,53520.0,MT,Prime TMT Dealers
2023-06-27,TMT REBAR FE500D DIA 8mm,24.46,1327688.8,54280.0,MT,Urban Infra Metals
2023-06-28,TMT REBAR FE500D DIA 8mm,46.97,2545774.0,54200.0,MT,MetroBuild Supplies
2023-06-29,TMT REBAR FE500 DIA 12mm,25.24,1336331.8,52945.0,MT,Shakti Steel Traders
2023-07-03,TMT REBAR FE550D DIA 25mm,49.45,2789721.75,56415.0,MT,SteelMax Solutions
2023-07-03,TMT REBAR FE550 DIA 8mm,43.09,2383738.8,55320.0,MT,Shakti Steel Traders
2023-07-03,TMT REBAR FE550 DIA 8mm,44.77,2462350.0,55000.0,MT,MetroBuild Supplies
2023-07-06,TMT REBAR FE500D DIA 32mm,17.77,974062.55,54815.0,MT,MetroBuild Supplies
2023-07-06,TMT REBAR FE550D DIA 10mm,45.06,2535751.5,56275.0,MT,Prime TMT Dealers
2023-07-10,TMT REBAR FE500D DIA 8mm,46.39,2454031.0,52900.0,MT,Prime TMT Dealers
2023-07-10,TMT REBAR FE500 DIA 16mm,27.89,1493788.4,53560.0,MT,Shakti Steel Traders
2023-07-11,TMT REBAR FE550D DIA 25mm,24.39,1375961.85,56415.0,MT,Urban Infra Metals
2023-07-11,TMT REBAR FE550D DIA 10mm,22.24,1256448.8,56495.0,MT,Prime TMT Dealers
2023-07-12,TMT REBAR FE550D DIA 10mm,27.88,1578426.2,56615.0,MT,Shakti Steel Traders
2023-07-13,TMT REBAR FE500 DIA 16mm,48.4,2551164.0,52710.0,MT,Prime TMT Dealers
2023-07-14,TMT REBAR FE550D DIA 32mm,48.0,2684400.0,55925.0,MT,Shakti Steel Traders
2023-07-14,TMT REBAR FE550D DIA 10mm,5.49,310047.75,56475.0,MT,Prime TMT Dealers
2023-07-14,TMT REBAR FE550 DIA 25mm,9.61,529655.15,55115.0,MT,Prime TMT Dealers
2023-07-14,TMT REBAR FE550D DIA 8mm,26.2,1466283.0,55965.0,MT,Shakti Steel Traders
2023-07-17,TMT REBAR FE550D DIA 32mm,49.21,2772983.5,56350.0,MT,Prime TMT Dealers
2023-07-17,TMT REBAR FE500 DIA 12mm,46.1,2446296.5,53065.0,MT,Prime TMT Dealers
2023-07-18,TMT REBAR FE550D DIA 16mm,21.39,1195701.0,55900.0,MT,Prime TMT Dealers
2023-07-20,TMT REBAR FE500D DIA 16mm,34.26,1825372.8,53280.0,MT,Shakti Steel Traders
2023-07-20,TMT REBAR FE500 DIA 25mm,27.15,1432162.5,52750.0,MT,SteelMax Solutions
2023-07-20,TMT REBAR FE500 DIA 8mm,34.25,1811825.0,52900.0,MT,Prime TMT Dealers
2023-07-21,TMT REBAR FE550D DIA 20mm,10.74,609441.3,56745.0,MT,SteelMax Solutions
2023-07-21,TMT REBAR FE550D DIA 32mm,24.69,1367702.55,55395.0,MT,Prime TMT Dealers
2023-07-24,TMT REBAR FE500 DIA 12mm,10.43,543663.75,52125.0,MT,MetroBuild Supplies
2023-07-27,TMT REBAR FE550D DIA 20mm,45.91,2549382.3,55530.0,MT,Urban Infra Metals
2023-07-28,TMT REBAR FE550D DIA 32mm,45.74,2548861.5,55725.0,MT,Prime TMT Dealers
2023-08-01,TMT REBAR FE550D DIA 10mm,29.3,1615455.5,55135.0,MT,SteelMax Solutions
2023-08-02,TMT REBAR FE550D DIA 20mm,7.6,421952.0,55520.0,MT,Prime TMT Dealers
2023-08-02,TMT REBAR FE550 DIA 12mm,8.32,457683.2,55010.0,MT,Urban Infra Metals
2023-08-02,TMT REBAR FE500D DIA 12mm,32.53,1741656.2,53540.0,MT,MetroBuild Supplies
2023-08-07,TMT REBAR FE500 DIA 25mm,25.72,1344127.2,52260.0,MT,MetroBuild Supplies
2023-08-14,TMT REBAR FE550 DIA 12mm,10.47,573232.5,54750.0,MT,SteelMax Solutions
2023-08-15,TMT REBAR FE500D DIA 8mm,5.41,292302.3,54030.0,MT,Prime TMT Dealers
2023-08-16,TMT REBAR FE550 DIA 32mm,13.03,710916.8,54560.0,MT,Shakti Steel Traders
2023-08-17,TMT REBAR FE500D DIA 8mm,35.06,1867295.6,53260.0,MT,MetroBuild Supplies
2023-08-17,TMT REBAR FE550D DIA 25mm,28.01,1578503.55,56355.0,MT,Urban Infra Metals
2023-08-18,TMT REBAR FE550D DIA 32mm,25.77,1439769.9,55870.0,MT,Urban Infra Metals
2023-08-21,TMT REBAR FE550D DIA 10mm,37.55,2072196.75,55185.0,MT,MetroBuild Supplies
2023-08-22,TMT REBAR FE500D DIA 10mm,6.56,349123.2,53220.0,MT,Prime TMT Dealers
2023-08-22,TMT REBAR FE550D DIA 32mm,22.33,1250145.05,55985.0,MT,Urban Infra Metals
2023-08-25,TMT REBAR FE500 DIA 32mm,5.29,279867.45,52905.0,MT,Prime TMT Dealers
2023-08-28,TMT REBAR FE500D DIA 10mm,48.36,2576379.0,53275.0,MT,Shakti Steel Traders
2023-08-28,TMT REBAR FE500D DIA 32mm,28.06,1512153.4,53890.0,MT,MetroBuild Supplies
2023-08-28,TMT REBAR FE500D DIA 32mm,9.99,525973.5,52650.0,MT,SteelMax Solutions
2023-08-29,TMT REBAR FE550D DIA 12mm,24.14,1328786.3,55045.0,MT,MetroBuild Supplies
2023-08-31,TMT REBAR FE500 DIA 8mm,35.75,1813061.25,50715.0,MT,SteelMax Solutions
2023-08-31,TMT REBAR FE550 DIA 10mm,48.65,2658479.25,54645.0,MT,Shakti Steel Traders
2023-09-01,TMT REBAR FE500 DIA 16mm,39.67,2040228.1,51430.0,MT,Urban Infra Metals
2023-09-04,TMT REBAR FE550 DIA 32mm,45.84,2485215.6,54215.0,MT,MetroBuild Supplies
2023-09-04,TMT REBAR FE550 DIA 8mm,32.52,1814778.6,55805.0,MT,Urban Infra Metals
2023-09-05,TMT REBAR FE500D DIA 16mm,5.57,297020.25,53325.0,MT,MetroBuild Supplies
2023-09-06,TMT REBAR FE500D DIA 25mm,41.75,2251368.75,53925.0,MT,Shakti Steel Traders
2023-09-07,TMT REBAR FE550D DIA 8mm,15.28,839330.4,54930.0,MT,Shakti Steel Traders
2023-09-11,TMT REBAR FE550D DIA 25mm,18.33,999259.95,54515.0,MT,SteelMax Solutions
2023-09-11,TMT REBAR FE550 DIA 32mm,40.09,2188513.1,54590.0,MT,Shakti Steel Traders
2023-09-12,TMT REBAR FE550 DIA 10mm,21.1,1162715.5,55105.0,MT,Urban Infra Metals
2023-09-12,TMT REBAR FE550D DIA 20mm,12.82,717599.5,55975.0,MT,MetroBuild Supplies
2023-09-13,TMT REBAR FE550 DIA 12mm,22.09,1193743.6,54040.0,MT,Urban Infra Metals
2023-09-14,TMT REBAR FE550D DIA 25mm,36.23,1980331.8,54660.0,MT,Urban Infra Metals
2023-09-14,TMT REBAR FE500D DIA 12mm,6.55,349147.75,53305.0,MT,Prime TMT Dealers
2023-09-15,TMT REBAR FE500 DIA 16mm,49.87,2602715.3,52190.0,MT,Urban Infra Metals
2023-09-15,TMT REBAR FE550 DIA 10mm,45.78,2482649.4,54230.0,MT,Shakti Steel Traders
2023-09-18,TMT REBAR FE550D DIA 12mm,36.38,2026002.2,55690.0,MT,SteelMax Solutions
2023-09-18,TMT REBAR FE500 DIA 8mm,43.62,2298119.7,52685.0,MT,MetroBuild Supplies
2023-09-19,TMT REBAR FE550D DIA 25mm,20.54,1142024.0,55600.0,MT,Urban Infra Metals
2023-09-19,TMT REBAR FE500D DIA 32mm,9.86,526376.1,53385.0,MT,Urban Infra Metals
2023-09-19,TMT REBAR FE550D DIA 16mm,44.06,2456345.0,55750.0,MT,Urban Infra Metals
2023-09-20,TMT REBAR FE550D DIA 16mm,46.76,2579749.2,55170.0,MT,Urban Infra Metals
2023-09-20,TMT REBAR FE550D DIA 16mm,28.63,1595836.2,55740.0,MT,SteelMax Solutions
2023-09-21,TMT REBAR FE500D DIA 16mm,7.8,414180.0,53100.0,MT,Urban Infra Metals
2023-09-21,TMT REBAR FE500D DIA 8mm,36.91,1974500.45,53495.0,MT,Prime TMT Dealers
2023-09-21,TMT REBAR FE500 DIA 16mm,18.44,975568.2,52905.0,MT,Shakti Steel Traders
2023-09-22,TMT REBAR FE500D DIA 10mm,26.59,1432536.25,53875.0,MT,MetroBuild Supplies
2023-09-22,TMT REBAR FE500D DIA 12mm,36.8,1939912.0,52715.0,MT,SteelMax Solutions
2023-09-27,TMT REBAR FE500D DIA 32mm,32.07,1715263.95,53485.0,MT,MetroBuild Supplies
2023-09-27,TMT REBAR FE500D DIA 20mm,11.86,625199.9,52715.0,MT,SteelMax Solutions
2023-09-28,TMT REBAR FE500 DIA 16mm,41.16,2168514.6,52685.0,MT,Prime TMT Dealers
2023-09-28,TMT REBAR FE550 DIA 8mm,25.52,1381397.6,54130.0,MT,Prime TMT Dealers
2023-09-28,TMT REBAR FE550 DIA 16mm,25.93,1413055.35,54495.0,MT,Prime TMT Dealers
2023-09-28,TMT REBAR FE550D DIA 16mm,28.41,1577607.3,55530.0,MT,Prime TMT Dealers
2023-09-29,TMT REBAR FE550 DIA 32mm,45.23,2451692.15,54205.0,MT,Shakti Steel Traders
2023-10-03,TMT REBAR FE500D DIA 16mm,13.46,728926.3,54155.0,MT,SteelMax Solutions
2023-10-06,TMT REBAR FE500D DIA 25mm,15.68,838958.4,53505.0,MT,SteelMax Solutions
2023-10-09,TMT REBAR FE550D DIA 32mm,19.86,1097364.3,55255.0,MT,Prime TMT Dealers
2023-10-10,TMT REBAR FE500D DIA 16mm,29.98,1613523.6,53820.0,MT,Urban Infra Metals
2023-10-16,TMT REBAR FE500 DIA 20mm,33.63,1754140.8,52160.0,MT,Prime TMT Dealers
2023-10-17,TMT REBAR FE550D DIA 20mm,25.35,1413642.75,55765.0,MT,MetroBuild Supplies
2023-10-20,TMT REBAR FE550 DIA 25mm,45.79,2500591.9,54610.0,MT,MetroBuild Supplies
2023-10-20,TMT REBAR FE500 DIA 20mm,43.63,2299955.45,52715.0,MT,Prime TMT Dealers
2023-10-23,TMT REBAR FE500 DIA 32mm,5.49,289817.1,52790.0,MT,SteelMax Solutions
2023-10-24,TMT REBAR FE550D DIA 32mm,12.23,682800.9,55830.0,MT,Prime TMT Dealers
2023-10-25,TMT REBAR FE550 DIA 25mm,45.32,2478550.8,54690.0,MT,SteelMax Solutions
2023-10-26,TMT REBAR FE550D DIA 25mm,33.43,1872581.45,56015.0,MT,SteelMax Solutions
2023-10-27,TMT REBAR FE500 DIA 12mm,8.98,467498.8,52060.0,MT,MetroBuild Supplies
2023-10-27,TMT REBAR FE500D DIA 8mm,9.06,483351.0,53350.0,MT,SteelMax Solutions
2023-10-31,TMT REBAR FE550 DIA 25mm,7.32,401904.6,54905.0,MT,Shakti Steel Traders
2023-10-31,TMT REBAR FE550 DIA 20mm,42.89,2340507.3,54570.0,MT,Prime TMT Dealers
2023-10-31,TMT REBAR FE550 DIA 25mm,7.33,409453.8,55860.0,MT,Urban Infra Metals
2023-11-02,TMT REBAR FE550D DIA 32mm,41.22,2303167.5,55875.0,MT,Urban Infra Metals
2023-11-06,TMT REBAR FE550D DIA 16mm,29.11,1643696.15,56465.0,MT,MetroBuild Supplies
2023-11-07,TMT REBAR FE500D DIA 8mm,28.03,1492177.05,53235.0,MT,Shakti Steel Traders
2023-11-07,TMT REBAR FE500 DIA 12mm,23.04,1223654.4,53110.0,MT,Prime TMT Dealers
2023-11-10,TMT REBAR FE550D DIA 32mm,6.46,361630.8,55980.0,MT,Urban Infra Metals
2023-11-10,TMT REBAR FE550D DIA 12mm,12.03,671093.55,55785.0,MT,Shakti Steel Traders
2023-11-14,TMT REBAR FE550 DIA 25mm,19.63,1068853.5,54450.0,MT,SteelMax Solutions
2023-11-16,TMT REBAR FE500D DIA 25mm,39.1,2080511.0,53210.0,MT,SteelMax Solutions
2023-11-17,TMT REBAR FE500 DIA 8mm,15.83,837486.15,52905.0,MT,MetroBuild Supplies
2023-11-21,TMT REBAR FE500D DIA 32mm,32.8,1801540.0,54925.0,MT,Shakti Steel Traders
2023-11-23,TMT REBAR FE550 DIA 16mm,41.78,2271369.7,54365.0,MT,MetroBuild Supplies
2023-11-23,TMT REBAR FE500D DIA 10mm,44.55,2418396.75,54285.0,MT,Urban Infra Metals
2023-11-24,TMT REBAR FE550D DIA 32mm,39.97,2198949.55,55015.0,MT,Shakti Steel Traders
2023-11-28,TMT REBAR FE500 DIA 8mm,36.86,1972562.9,53515.0,MT,Shakti Steel Traders
2023-11-29,TMT REBAR FE550D DIA 16mm,17.82,1000949.4,56170.0,MT,Shakti Steel Traders
2023-12-06,TMT REBAR FE550D DIA 20mm,37.81,2143259.85,56685.0,MT,Prime TMT Dealers
2023-12-07,TMT REBAR FE500D DIA 12mm,29.46,1595553.6,54160.0,MT,MetroBuild Supplies
2023-12-07,TMT REBAR FE500D DIA 32mm,24.66,1347669.0,54650.0,MT,SteelMax Solutions
2023-12-07,TMT REBAR FE500 DIA 25mm,23.5,1236217.5,52605.0,MT,Shakti Steel Traders
2023-12-08,TMT REBAR FE550 DIA 8mm,40.99,2264082.65,55235.0,MT,Urban Infra Metals
2023-12-11,TMT REBAR FE550 DIA 8mm,28.5,1571490.0,55140.0,MT,Urban Infra Metals
2023-12-12,TMT REBAR FE550 DIA 8mm,17.18,955036.2,55590.0,MT,MetroBuild Supplies
2023-12-13,TMT REBAR FE500 DIA 20mm,24.36,1288765.8,52905.0,MT,Shakti Steel Traders
2023-12-13,TMT REBAR FE550D DIA 12mm,45.79,2617356.4,57160.0,MT,MetroBuild Supplies
2023-12-14,TMT REBAR FE550 DIA 25mm,10.96,620281.2,56595.0,MT,Urban Infra Metals
2023-12-15,TMT REBAR FE500 DIA 12mm,20.56,1091324.8,53080.0,MT,Shakti Steel Traders
2023-12-15,TMT REBAR FE550 DIA 10mm,10.0,552300.0,55230.0,MT,Urban Infra Metals
2023-12-15,TMT REBAR FE550D DIA 12mm,38.18,2109826.8,55260.0,MT,Prime TMT Dealers
2023-12-18,TMT REBAR FE550D DIA 20mm,32.14,1818159.8,56570.0,MT,Urban Infra Metals
2023-12-18,TMT REBAR FE550 DIA 32mm,7.53,422244.75,56075.0,MT,Prime TMT Dealers
2023-12-20,TMT REBAR FE550D DIA 25mm,38.64,2141235.6,55415.0,MT,Shakti Steel Traders
2023-12-22,TMT REBAR FE550D DIA 12mm,16.46,930072.3,56505.0,MT,Urban Infra Metals
2023-12-22,TMT REBAR FE550D DIA 8mm,12.23,687754.05,56235.0,MT,Shakti Steel Traders
2023-12-22,TMT REBAR FE550D DIA 16mm,6.49,366425.4,56460.0,MT,SteelMax Solutions
2023-12-26,TMT REBAR FE550 DIA 25mm,27.3,1513239.0,55430.0,MT,Prime TMT Dealers
2023-12-26,TMT REBAR FE500D DIA 16mm,6.14,332665.2,54180.0,MT,Urban Infra Metals
2023-12-26,TMT REBAR FE550 DIA 12mm,35.67,1996806.6,55980.0,MT,SteelMax Solutions
2023-12-26,TMT REBAR FE550 DIA 25mm,11.68,649466.4,55605.0,MT,SteelMax Solutions
2023-12-27,TMT REBAR FE500 DIA 32mm,35.25,1874242.5,53170.0,MT,Shakti Steel Traders
2023-12-28,TMT REBAR FE550 DIA 20mm,38.19,2091284.4,54760.0,MT,SteelMax Solutions
2024-01-01,TMT REBAR FE550D DIA 20mm,8.05,458487.75,56955.0,MT,MetroBuild Supplies
2024-01-01,TMT REBAR FE550D DIA 10mm,34.64,1962356.0,56650.0,MT,SteelMax Solutions
2024-01-02,TMT REBAR FE550 DIA 20mm,29.01,1590473.25,54825.0,MT,Shakti Steel Traders
2024-01-02,TMT REBAR FE550D DIA 20mm,31.41,1776235.5,56550.0,MT,Prime TMT Dealers
2024-01-04,TMT REBAR FE550 DIA 32mm,15.11,834298.65,55215.0,MT,Urban Infra Metals
2024-01-04,TMT REBAR FE500 DIA 20mm,15.1,808227.5,53525.0,MT,Shakti Steel Traders
2024-01-04,TMT REBAR FE550D DIA 10mm,11.52,656409.6,56980.0,MT,MetroBuild Supplies
2024-01-04,TMT REBAR FE550 DIA 20mm,18.69,1018044.3,54470.0,MT,Shakti Steel Traders
2024-01-05,TMT REBAR FE500D DIA 20mm,28.07,1559990.25,55575.0,MT,SteelMax Solutions
2024-01-05,TMT REBAR FE550 DIA 16mm,26.67,1494720.15,56045.0,MT,MetroBuild Supplies
2024-01-08,TMT REBAR FE550 DIA 8mm,36.15,2011024.5,55630.0,MT,Shakti Steel Traders
2024-01-08,TMT REBAR FE550D DIA 10mm,48.3,2712769.5,56165.0,MT,Urban Infra Metals
2024-01-08,TMT REBAR FE550D DIA 25mm,11.14,624118.5,56025.0,MT,Prime TMT Dealers
2024-01-09,TMT REBAR FE550D DIA 10mm,7.96,448585.8,56355.0,MT,Prime TMT Dealers
2024-01-10,TMT REBAR FE500D DIA 12mm,44.2,2440945.0,55225.0,MT,Shakti Steel Traders
2024-01-11,TMT REBAR FE500 DIA 8mm,20.78,1119418.6,53870.0,MT,MetroBuild Supplies
2024-01-11,TMT REBAR FE500 DIA 20mm,30.99,1687250.55,54445.0,MT,Prime TMT Dealers
2024-01-12,TMT REBAR FE550 DIA 16mm,13.37,746580.8,55840.0,MT,Urban Infra Metals
2024-01-15,TMT REBAR FE550 DIA 20mm,32.69,1811352.9,55410.0,MT,Shakti Steel Traders
2024-01-16,TMT REBAR FE500D DIA 20mm,5.9,321255.0,54450.0,MT,SteelMax Solutions
2024-01-16,TMT REBAR FE550D DIA 8mm,45.78,2592292.5,56625.0,MT,MetroBuild Supplies
2024-01-16,TMT REBAR FE500D DIA 10mm,46.06,2544584.7,55245.0,MT,Prime TMT Dealers
2024-01-17,TMT REBAR FE500 DIA 12mm,37.67,2044539.25,54275.0,MT,Shakti Steel Traders
2024-01-18,TMT REBAR FE500 DIA 20mm,8.79,479890.05,54595.0,MT,Shakti Steel Traders
2024-01-19,TMT REBAR FE500 DIA 12mm,11.05,594490.0,53800.0,MT,SteelMax Solutions
2024-01-22,TMT REBAR FE500D DIA 12mm,41.86,2300207.0,54950.0,MT,Prime TMT Dealers
2024-01-22,TMT REBAR FE550 DIA 10mm,28.44,1585530.0,55750.0,MT,MetroBuild Supplies
2024-01-23,TMT REBAR FE500D DIA 8mm,25.13,1385919.5,55150.0,MT,SteelMax Solutions
2024-01-24,TMT REBAR FE500D DIA 8mm,17.67,969552.9,54870.0,MT,Shakti Steel Traders
2024-01-24,TMT REBAR FE550 DIA 16mm,13.32,756043.2,56760.0,MT,Urban Infra Metals
2024-01-30,TMT REBAR FE550 DIA 8mm,36.79,2055641.25,55875.0,MT,SteelMax Solutions
2024-02-01,TMT REBAR FE550 DIA 20mm,18.99,1080436.05,56895.0,MT,Urban Infra Metals
2024-02-05,TMT REBAR FE550D DIA 8mm,31.66,1803828.5,56975.0,MT,Prime TMT Dealers
2024-02-07,TMT REBAR FE550 DIA 8mm,10.48,582845.2,55615.0,MT,SteelMax Solutions
2024-02-08,TMT REBAR FE500D DIA 32mm,12.8,719616.0,56220.0,MT,Shakti Steel Traders
2024-02-09,TMT REBAR FE500D DIA 12mm,28.17,1575829.8,55940.0,MT,Shakti Steel Traders
2024-02-13,TMT REBAR FE550D DIA 8mm,17.87,1030920.3,57690.0,MT,SteelMax Solutions
2024-02-14,TMT REBAR FE500D DIA 12mm,40.9,2295717.0,56130.0,MT,Shakti Steel Traders
2024-02-15,TMT REBAR FE550 DIA 8mm,5.25,299643.75,57075.0,MT,Urban Infra Metals
2024-02-16,TMT REBAR FE550 DIA 16mm,47.51,2694054.55,56705.0,MT,MetroBuild Supplies
2024-02-16,TMT REBAR FE550D DIA 32mm,31.13,1776744.75,57075.0,MT,SteelMax Solutions
2024-02-19,TMT REBAR FE550D DIA 20mm,19.26,1124013.6,58360.0,MT,Prime TMT Dealers
2024-02-19,TMT REBAR FE550 DIA 12mm,7.57,426304.55,56315.0,MT,Prime TMT Dealers
2024-02-23,TMT REBAR FE500 DIA 32mm,22.75,1236576.25,54355.0,MT,Prime TMT Dealers
2024-02-26,TMT REBAR FE550 DIA 32mm,34.56,1949011.2,56395.0,MT,Shakti Steel Traders
2024-02-26,TMT REBAR FE500D DIA 10mm,18.75,1035750.0,55240.0,MT,SteelMax Solutions
2024-02-28,TMT REBAR FE550 DIA 20mm,24.13,1394352.05,57785.0,MT,Shakti Steel Traders
2024-02-29,TMT REBAR FE550 DIA 10mm,49.68,2842192.8,57210.0,MT,Prime TMT Dealers
2024-03-01,TMT REBAR FE500 DIA 10mm,23.57,1305542.3,55390.0,MT,Urban Infra Metals
2024-03-01,TMT REBAR FE500 DIA 12mm,21.55,1179539.25,54735.0,MT,Shakti Steel Traders
2024-03-05,TMT REBAR FE550 DIA 10mm,18.65,1061651.25,56925.0,MT,Urban Infra Metals
2024-03-06,TMT REBAR FE500D DIA 8mm,49.06,2765021.6,56360.0,MT,Prime TMT Dealers
2024-03-07,TMT REBAR FE500 DIA 10mm,19.61,1072765.05,54705.0,MT,MetroBuild Supplies
2024-03-07,TMT REBAR FE500 DIA 8mm,15.32,845740.6,55205.0,MT,MetroBuild Supplies
2024-03-11,TMT REBAR FE500 DIA 16mm,41.29,2247621.15,54435.0,MT,MetroBuild Supplies
2024-03-11,TMT REBAR FE500D DIA 16mm,5.65,314563.75,55675.0,MT,MetroBuild Supplies
2024-03-15,TMT REBAR FE550D DIA 16mm,31.95,1854058.5,58030.0,MT,Shakti Steel Traders
2024-03-15,TMT REBAR FE550D DIA 20mm,8.61,498992.55,57955.0,MT,SteelMax Solutions
2024-03-18,TMT REBAR FE500D DIA 32mm,8.76,490078.2,55945.0,MT,Prime TMT Dealers
2024-03-18,TMT REBAR FE500 DIA 25mm,40.38,2212016.4,54780.0,MT,Urban Infra Metals
2024-03-19,TMT REBAR FE550 DIA 25mm,11.84,669492.8,56545.0,MT,Shakti Steel Traders
2024-03-20,TMT REBAR FE550D DIA 32mm,12.64,719026.4,56885.0,MT,Shakti Steel Traders
2024-03-20,TMT REBAR FE500D DIA 12mm,38.64,2127904.8,55070.0,MT,Prime TMT Dealers
2024-03-21,TMT REBAR FE500D DIA 12mm,40.08,2229049.2,55615.0,MT,SteelMax Solutions
2024-03-25,TMT REBAR FE550 DIA 16mm,37.72,2144947.8,56865.0,MT,Urban Infra Metals
2024-03-25,TMT REBAR FE550 DIA 16mm,22.72,1284475.2,56535.0,MT,MetroBuild Supplies
2024-03-25,TMT REBAR FE500D DIA 25mm,27.02,1518524.0,56200.0,MT,Shakti Steel Traders
2024-03-26,TMT REBAR FE550D DIA 20mm,14.45,836727.25,57905.0,MT,Shakti Steel Traders
2024-03-26,TMT REBAR FE500D DIA 10mm,37.32,2096637.6,56180.0,MT,MetroBuild Supplies
2024-03-27,TMT REBAR FE550 DIA 25mm,8.76,504663.6,57610.0,MT,Shakti Steel Traders
2024-03-27,TMT REBAR FE550D DIA 32mm,22.19,1300777.8,58620.0,MT,Urban Infra Metals
2024-03-28,TMT REBAR FE550D DIA 12mm,8.84,506841.4,57335.0,MT,Prime TMT Dealers
2024-03-29,TMT REBAR FE500 DIA 12mm,19.34,1069502.0,55300.0,MT,Prime TMT Dealers
2024-03-29,TMT REBAR FE500 DIA 10mm,21.58,1181505.0,54750.0,MT,MetroBuild Supplies
2024-04-02,TMT REBAR FE500 DIA 16mm,7.71,422353.8,54780.0,MT,SteelMax Solutions
2024-04-02,TMT REBAR FE550 DIA 10mm,26.42,1481369.4,56070.0,MT,Prime TMT Dealers
2024-04-02,TMT REBAR FE500 DIA 25mm,37.36,2060964.4,55165.0,MT,Urban Infra Metals
2024-04-03,TMT REBAR FE500 DIA 8mm,31.1,1735691.0,55810.0,MT,Prime TMT Dealers
2024-04-05,TMT REBAR FE500D DIA 32mm,48.81,2738241.0,56100.0,MT,Shakti Steel Traders
2024-04-09,TMT REBAR FE500 DIA 12mm,19.72,1092586.6,55405.0,MT,SteelMax Solutions
2024-04-11,TMT REBAR FE550 DIA 32mm,40.7,2335162.5,57375.0,MT,MetroBuild Supplies
2024-04-11,TMT REBAR FE500 DIA 16mm,19.31,1057319.05,54755.0,MT,MetroBuild Supplies
2024-04-12,TMT REBAR FE500 DIA 16mm,17.3,960842.0,55540.0,MT,Prime TMT Dealers
2024-04-12,TMT REBAR FE550 DIA 10mm,14.02,793321.7,56585.0,MT,MetroBuild Supplies
2024-04-15,TMT REBAR FE500 DIA 12mm,17.1,932976.0,54560.0,MT,Prime TMT Dealers
2024-04-15,TMT REBAR FE550D DIA 25mm,12.75,737332.5,57830.0,MT,Prime TMT Dealers
2024-04-17,TMT REBAR FE550D DIA 10mm,29.66,1719390.2,57970.0,MT,MetroBuild Supplies
2024-04-22,TMT REBAR FE500D DIA 20mm,6.53,365451.45,55965.0,MT,Prime TMT Dealers
2024-04-24,TMT REBAR FE550 DIA 32mm,8.92,503846.2,56485.0,MT,Shakti Steel Traders
2024-04-26,TMT REBAR FE500D DIA 16mm,14.82,826881.9,55795.0,MT,MetroBuild Supplies
2024-05-01,TMT REBAR FE500 DIA 10mm,36.09,1989461.25,55125.0,MT,Urban Infra Metals
2024-05-03,TMT REBAR FE550 DIA 16mm,49.37,2791626.65,56545.0,MT,Shakti Steel Traders
2024-05-03,TMT REBAR FE550 DIA 12mm,12.52,717396.0,57300.0,MT,Prime TMT Dealers
2024-05-06,TMT REBAR FE500 DIA 32mm,34.35,1840473.0,53580.0,MT,MetroBuild Supplies
2024-05-08,TMT REBAR FE500D DIA 8mm,8.91,489426.3,54930.0,MT,MetroBuild Supplies
2024-05-09,TMT REBAR FE550D DIA 8mm,11.27,655125.1,58130.0,MT,Prime TMT Dealers
2024-05-09,TMT REBAR FE550D DIA 8mm,31.66,1834222.1,57935.0,MT,Shakti Steel Traders
2024-05-09,TMT REBAR FE500 DIA 8mm,34.64,1948153.6,56240.0,MT,SteelMax Solutions
2024-05-10,TMT REBAR FE500D DIA 20mm,29.24,1616972.0,55300.0,MT,Prime TMT Dealers
2024-05-10,TMT REBAR FE550D DIA 10mm,33.85,1975147.5,58350.0,MT,SteelMax Solutions
2024-05-10,TMT REBAR FE550 DIA 10mm,12.27,698653.8,56940.0,MT,MetroBuild Supplies
2024-05-13,TMT REBAR FE500D DIA 25mm,41.31,2288987.1,55410.0,MT,SteelMax Solutions
2024-05-15,TMT REBAR FE500D DIA 8mm,22.37,1247798.6,55780.0,MT,MetroBuild Supplies
2024-05-16,TMT REBAR FE500 DIA 12mm,25.27,1391871.6,55080.0,MT,Prime TMT Dealers
2024-05-17,TMT REBAR FE500D DIA 12mm,13.82,755815.8,54690.0,MT,SteelMax Solutions
2024-05-17,TMT REBAR FE500 DIA 25mm,10.75,590605.0,54940.0,MT,Urban Infra Metals
2024-05-17,TMT REBAR FE550D DIA 16mm,43.02,2473219.8,57490.0,MT,Shakti Steel Traders
2024-05-22,TMT REBAR FE500 DIA 10mm,37.23,2019169.05,54235.0,MT,SteelMax Solutions
2024-05-23,TMT REBAR FE550D DIA 10mm,42.13,2450070.15,58155.0,MT,Shakti Steel Traders
2024-05-23,TMT REBAR FE500D DIA 25mm,39.05,2145407.0,54940.0,MT,SteelMax Solutions
2024-05-24,TMT REBAR FE500D DIA 20mm,32.46,1812891.0,55850.0,MT,Urban Infra Metals
2024-05-27,TMT REBAR FE550D DIA 25mm,31.1,1808931.5,58165.0,MT,Shakti Steel Traders
2024-05-28,TMT REBAR FE550 DIA 10mm,46.84,2664961.8,56895.0,MT,Urban Infra Metals
2024-05-29,TMT REBAR FE550 DIA 25mm,49.66,2814232.2,56670.0,MT,Prime TMT Dealers
2024-05-31,TMT REBAR FE550D DIA 10mm,34.05,1960769.25,57585.0,MT,MetroBuild Supplies
2024-05-31,TMT REBAR FE500 DIA 16mm,20.57,1122196.35,54555.0,MT,Shakti Steel Traders
2024-05-31,TMT REBAR FE550 DIA 12mm,12.67,714017.85,56355.0,MT,Urban Infra Metals
2024-06-03,TMT REBAR FE500 DIA 12mm,8.25,454080.0,55040.0,MT,SteelMax Solutions
2024-06-03,TMT REBAR FE550 DIA 20mm,12.46,702121.0,56350.0,MT,Shakti Steel Traders
2024-06-03,TMT REBAR FE550 DIA 20mm,31.26,1738524.9,55615.0,MT,SteelMax Solutions
2024-06-04,TMT REBAR FE500 DIA 8mm,12.52,677958.0,54150.0,MT,Prime TMT Dealers
2024-06-05,TMT REBAR FE500D DIA 32mm,33.24,1876065.6,56440.0,MT,SteelMax Solutions
2024-06-06,TMT REBAR FE550 DIA 8mm,33.98,1914942.9,56355.0,MT,Shakti Steel Traders
2024-06-06,TMT REBAR FE500 DIA 16mm,15.44,852056.4,55185.0,MT,Prime TMT Dealers
2024-06-07,TMT REBAR FE500 DIA 10mm,22.93,1266079.95,55215.0,MT,SteelMax Solutions
2024-06-07,TMT REBAR FE500D DIA 20mm,31.03,1713321.45,55215.0,MT,SteelMax Solutions
2024-06-07,TMT REBAR FE550D DIA 20mm,23.73,1361271.45,57365.0,MT,Shakti Steel Traders
2024-06-10,TMT REBAR FE500D DIA 12mm,49.44,2702390.4,54660.0,MT,MetroBuild Supplies
2024-06-11,TMT REBAR FE550 DIA 20mm,21.86,1235090.0,56500.0,MT,SteelMax Solutions
2024-06-11,TMT REBAR FE550 DIA 16mm,7.94,449999.5,56675.0,MT,MetroBuild Supplies
2024-06-13,TMT REBAR FE500 DIA 32mm,15.94,864665.3,54245.0,MT,Urban Infra Metals
2024-06-14,TMT REBAR FE550D DIA 20mm,37.49,2115185.8,56420.0,MT,SteelMax Solutions
2024-06-14,TMT REBAR FE550 DIA 8mm,12.54,709325.1,56565.0,MT,MetroBuild Supplies
2024-06-18,TMT REBAR FE500 DIA 8mm,32.36,1767826.8,54630.0,MT,Urban Infra Metals
2024-06-18,TMT REBAR FE550D DIA 8mm,26.86,1530348.5,56975.0,MT,Prime TMT Dealers
2024-06-18,TMT REBAR FE500 DIA 25mm,21.54,1174899.3,54545.0,MT,MetroBuild Supplies
2024-06-18,TMT REBAR FE500D DIA 10mm,26.26,1450077.2,55220.0,MT,SteelMax Solutions
2024-06-20,TMT REBAR FE550 DIA 20mm,32.09,1802334.85,56165.0,MT,SteelMax Solutions
2024-06-20,TMT REBAR FE550D DIA 25mm,45.34,2580526.1,56915.0,MT,Shakti Steel Traders
2024-06-21,TMT REBAR FE550 DIA 25mm,17.21,955757.35,55535.0,MT,MetroBuild Supplies
2024-06-24,TMT REBAR FE500D DIA 25mm,30.52,1694775.6,55530.0,MT,MetroBuild Supplies
2024-06-25,TMT REBAR FE550D DIA 12mm,19.53,1123658.55,57535.0,MT,Urban Infra Metals
2024-06-26,TMT REBAR FE500D DIA 20mm,35.61,1976355.0,55500.0,MT,Prime TMT Dealers
2024-06-28,TMT REBAR FE500D DIA 16mm,30.69,1673679.15,54535.0,MT,SteelMax Solutions
2024-07-01,TMT REBAR FE500 DIA 25mm,19.63,1049812.4,53480.0,MT,MetroBuild Supplies
2024-07-02,TMT REBAR FE550D DIA 16mm,31.69,1827245.4,57660.0,MT,SteelMax Solutions
2024-07-04,TMT REBAR FE550D DIA 16mm,34.93,2024717.45,57965.0,MT,SteelMax Solutions
2024-07-04,TMT REBAR FE550D DIA 25mm,9.55,552563.0,57860.0,MT,SteelMax Solutions
2024-07-04,TMT REBAR FE550D DIA 32mm,47.77,2766838.4,57920.0,MT,Prime TMT Dealers
2024-07-05,TMT REBAR FE550 DIA 10mm,25.95,1433348.25,55235.0,MT,Shakti Steel Traders
2024-07-05,TMT REBAR FE500D DIA 8mm,45.36,2545376.4,56115.0,MT,SteelMax Solutions
2024-07-10,TMT REBAR FE550D DIA 25mm,29.17,1665461.15,57095.0,MT,MetroBuild Supplies
2024-07-10,TMT REBAR FE500 DIA 25mm,28.04,1522431.8,54295.0,MT,Prime TMT Dealers
2024-07-11,TMT REBAR FE500 DIA 20mm,29.39,1582504.55,53845.0,MT,SteelMax Solutions
2024-07-15,TMT REBAR FE500 DIA 25mm,36.3,1926804.0,53080.0,MT,Prime TMT Dealers
2024-07-16,TMT REBAR FE500D DIA 16mm,21.17,1150589.5,54350.0,MT,Urban Infra Metals
2024-07-16,TMT REBAR FE500 DIA 12mm,16.13,867955.3,53810.0,MT,Urban Infra Metals
2024-07-19,TMT REBAR FE500 DIA 12mm,31.93,1714641.0,53700.0,MT,Shakti Steel Traders
2024-07-23,TMT REBAR FE550 DIA 16mm,43.35,2455777.5,56650.0,MT,Urban Infra Metals
2024-07-23,TMT REBAR FE500D DIA 20mm,41.81,2237044.05,53505.0,MT,Urban Infra Metals
2024-07-24,TMT REBAR FE550D DIA 25mm,36.85,2099713.0,56980.0,MT,Prime TMT Dealers
2024-07-25,TMT REBAR FE500D DIA 8mm,49.63,2697142.35,54345.0,MT,Prime TMT Dealers
2024-07-26,TMT REBAR FE500D DIA 25mm,29.6,1645908.0,55605.0,MT,SteelMax Solutions
2024-07-26,TMT REBAR FE550 DIA 8mm,35.98,1980878.9,55055.0,MT,Urban Infra Metals
2024-07-26,TMT REBAR FE550 DIA 8mm,21.28,1186253.6,55745.0,MT,Urban Infra Metals
2024-07-29,TMT REBAR FE550D DIA 16mm,37.67,2139656.0,56800.0,MT,Shakti Steel Traders
2024-07-29,TMT REBAR FE500 DIA 20mm,17.57,955808.0,54400.0,MT,SteelMax Solutions
2024-07-29,TMT REBAR FE500 DIA 20mm,9.64,517860.8,53720.0,MT,Shakti Steel Traders
2024-07-30,TMT REBAR FE550D DIA 8mm,12.94,734409.7,56755.0,MT,Urban Infra Metals
2024-07-31,TMT REBAR FE550D DIA 20mm,21.24,1192732.2,56155.0,MT,SteelMax Solutions
2024-07-31,TMT REBAR FE500 DIA 25mm,39.86,2121548.5,53225.0,MT,Shakti Steel Traders
2024-07-31,TMT REBAR FE500 DIA 8mm,41.77,2271034.9,54370.0,MT,SteelMax Solutions
2024-08-01,TMT REBAR FE500 DIA 25mm,37.61,2042787.15,54315.0,MT,Prime TMT Dealers
2024-08-01,TMT REBAR FE500D DIA 8mm,20.35,1109889.0,54540.0,MT,SteelMax Solutions
2024-08-02,TMT REBAR FE500D DIA 32mm,35.22,1921427.1,54555.0,MT,Urban Infra Metals
2024-08-02,TMT REBAR FE500 DIA 8mm,31.56,1705660.2,54045.0,MT,MetroBuild Supplies
2024-08-05,TMT REBAR FE550 DIA 20mm,38.75,2161862.5,55790.0,MT,SteelMax Solutions
2024-08-05,TMT REBAR FE500 DIA 10mm,33.41,1773235.75,53075.0,MT,Prime TMT Dealers
2024-08-06,TMT REBAR FE550 DIA 32mm,38.16,2118834.0,55525.0,MT,MetroBuild Supplies
2024-08-06,TMT REBAR FE500 DIA 25mm,17.37,925299.9,53270.0,MT,MetroBuild Supplies
2024-08-06,TMT REBAR FE550D DIA 16mm,16.93,965856.5,57050.0,MT,Urban Infra Metals
2024-08-12,TMT REBAR FE500D DIA 32mm,48.33,2667816.0,55200.0,MT,Urban Infra Metals
2024-08-12,TMT REBAR FE500 DIA 10mm,28.25,1503465.0,53220.0,MT,Urban Infra Metals
2024-08-12,TMT REBAR FE550D DIA 20mm,37.64,2171263.4,57685.0,MT,Urban Infra Metals
2024-08-14,TMT REBAR FE500 DIA 12mm,28.14,1514916.9,53835.0,MT,SteelMax Solutions
2024-08-15,TMT REBAR FE500D DIA 16mm,34.65,1901418.75,54875.0,MT,Shakti Steel Traders
2024-08-16,TMT REBAR FE500 DIA 20mm,6.62,351422.7,53085.0,MT,SteelMax Solutions
2024-08-19,TMT REBAR FE500D DIA 20mm,34.29,1857660.75,54175.0,MT,SteelMax Solutions
2024-08-19,TMT REBAR FE500D DIA 16mm,44.22,2436964.2,55110.0,MT,Urban Infra Metals
2024-08-19,TMT REBAR FE550D DIA 16mm,47.68,2686529.6,56345.0,MT,Prime TMT Dealers
2024-08-19,TMT REBAR FE550 DIA 32mm,12.36,690553.2,55870.0,MT,MetroBuild Supplies
2024-08-22,TMT REBAR FE500D DIA 16mm,26.36,1452831.4,55115.0,MT,MetroBuild Supplies
2024-08-22,TMT REBAR FE550D DIA 25mm,44.09,2476535.3,56170.0,MT,Prime TMT Dealers
2024-08-23,TMT REBAR FE500 DIA 32mm,23.88,1267789.2,53090.0,MT,SteelMax Solutions
2024-08-23,TMT REBAR FE550D DIA 32mm,23.19,1316380.35,56765.0,MT,SteelMax Solutions
2024-08-26,TMT REBAR FE550D DIA 12mm,47.46,2657285.4,55990.0,MT,MetroBuild Supplies
2024-08-27,TMT REBAR FE500D DIA 12mm,33.42,1799332.8,53840.0,MT,SteelMax Solutions
2024-08-27,TMT REBAR FE550D DIA 32mm,43.54,2513564.2,57730.0,MT,Urban Infra Metals
2024-08-28,TMT REBAR FE500D DIA 20mm,42.41,2310496.8,54480.0,MT,Prime TMT Dealers
2024-08-30,TMT REBAR FE500D DIA 25mm,25.46,1359564.0,53400.0,MT,MetroBuild Supplies
2024-08-30,TMT REBAR FE550D DIA 25mm,10.16,587959.2,57870.0,MT,MetroBuild Supplies
2024-09-02,TMT REBAR FE550 DIA 25mm,37.99,2115283.2,55680.0,MT,Urban Infra Metals
2024-09-02,TMT REBAR FE550D DIA 10mm,47.99,2717433.75,56625.0,MT,Shakti Steel Traders
2024-09-05,TMT REBAR FE550 DIA 20mm,16.18,909639.6,56220.0,MT,Urban Infra Metals
2024-09-06,TMT REBAR FE500 DIA 8mm,29.84,1607928.4,53885.0,MT,MetroBuild Supplies
2024-09-10,TMT REBAR FE500 DIA 20mm,38.95,2069608.25,53135.0,MT,SteelMax Solutions
2024-09-11,TMT REBAR FE550D DIA 25mm,8.61,475573.35,55235.0,MT,Shakti Steel Traders
2024-09-12,TMT REBAR FE550 DIA 25mm,27.6,1520760.0,55100.0,MT,SteelMax Solutions
2024-09-13,TMT REBAR FE550 DIA 10mm,23.16,1285843.2,55520.0,MT,Shakti Steel Traders
2024-09-13,TMT REBAR FE500 DIA 12mm,5.52,293995.2,53260.0,MT,Urban Infra Metals
2024-09-16,TMT REBAR FE550D DIA 25mm,10.04,568966.8,56670.0,MT,Urban Infra Metals
2024-09-17,TMT REBAR FE550D DIA 10mm,43.84,2442764.8,55720.0,MT,Urban Infra Metals
2024-09-18,TMT REBAR FE500 DIA 8mm,28.54,1537021.7,53855.0,MT,Prime TMT Dealers
2024-09-19,TMT REBAR FE550D DIA 25mm,22.6,1279951.0,56635.0,MT,MetroBuild Supplies
2024-09-20,TMT REBAR FE500 DIA 10mm,21.21,1121902.95,52895.0,MT,MetroBuild Supplies
2024-09-23,TMT REBAR FE500D DIA 10mm,36.39,1997447.1,54890.0,MT,Shakti Steel Traders
2024-09-23,TMT REBAR FE550 DIA 25mm,41.77,2300065.05,55065.0,MT,MetroBuild Supplies
2024-09-24,TMT REBAR FE500D DIA 16mm,14.93,810997.6,54320.0,MT,Urban Infra Metals
2024-09-26,TMT REBAR FE550 DIA 16mm,16.93,945879.1,55870.0,MT,Shakti Steel Traders
2024-09-27,TMT REBAR FE500D DIA 20mm,20.99,1144584.7,54530.0,MT,Urban Infra Metals
2024-09-27,TMT REBAR FE550 DIA 25mm,11.01,611440.35,55535.0,MT,Shakti Steel Traders
2024-09-27,TMT REBAR FE500D DIA 10mm,19.03,1061493.4,55780.0,MT,MetroBuild Supplies
2024-09-30,TMT REBAR FE550 DIA 10mm,12.39,690308.85,55715.0,MT,MetroBuild Supplies
2024-10-02,TMT REBAR FE550D DIA 32mm,43.91,2479378.15,56465.0,MT,Shakti Steel Traders
2024-10-03,TMT REBAR FE550D DIA 32mm,44.99,2554082.3,56770.0,MT,Shakti Steel Traders
2024-10-03,TMT REBAR FE500D DIA 20mm,28.52,1545926.6,54205.0,MT,MetroBuild Supplies
2024-10-03,TMT REBAR FE550D DIA 12mm,44.3,2516683.0,56810.0,MT,Urban Infra Metals
2024-10-03,TMT REBAR FE500 DIA 8mm,21.85,1153789.25,52805.0,MT,Prime TMT Dealers
2024-10-03,TMT REBAR FE550 DIA 12mm,35.07,1932357.0,55100.0,MT,Urban Infra Metals
2024-10-03,TMT REBAR FE550D DIA 8mm,15.89,916853.0,57700.0,MT,Urban Infra Metals
2024-10-07,TMT REBAR FE500D DIA 10mm,26.6,1438528.0,54080.0,MT,MetroBuild Supplies
2024-10-09,TMT REBAR FE550D DIA 25mm,27.35,1522848.0,55680.0,MT,Urban Infra Metals
2024-10-09,TMT REBAR FE550 DIA 25mm,39.69,2221449.3,55970.0,MT,Prime TMT Dealers
2024-10-09,TMT REBAR FE500D DIA 16mm,42.19,2316231.0,54900.0,MT,SteelMax Solutions
2024-10-11,TMT REBAR FE500 DIA 12mm,5.81,315424.9,54290.0,MT,SteelMax Solutions
2024-10-11,TMT REBAR FE550D DIA 25mm,40.94,2344429.1,57265.0,MT,Prime TMT Dealers
2024-10-14,TMT REBAR FE550D DIA 25mm,31.29,1767885.0,56500.0,MT,SteelMax Solutions
2024-10-14,TMT REBAR FE500 DIA 8mm,42.72,2262451.2,52960.0,MT,Urban Infra Metals
2024-10-15,TMT REBAR FE550D DIA 8mm,20.97,1178618.85,56205.0,MT,Prime TMT Dealers
2024-10-15,TMT REBAR FE500 DIA 20mm,48.58,2596358.1,53445.0,MT,Urban Infra Metals
2024-10-18,TMT REBAR FE550D DIA 10mm,16.29,917371.35,56315.0,MT,Prime TMT Dealers
2024-10-22,TMT REBAR FE500 DIA 20mm,37.77,2034669.9,53870.0,MT,Shakti Steel Traders
2024-10-23,TMT REBAR FE550D DIA 16mm,24.97,1405935.85,56305.0,MT,MetroBuild Supplies
2024-10-24,TMT REBAR FE550D DIA 25mm,40.54,2285442.5,56375.0,MT,Prime TMT Dealers
2024-10-24,TMT REBAR FE500D DIA 12mm,22.49,1209287.3,53770.0,MT,Shakti Steel Traders
2024-10-25,TMT REBAR FE550D DIA 8mm,13.17,747199.95,56735.0,MT,Urban Infra Metals
2024-10-28,TMT REBAR FE500 DIA 25mm,9.4,512065.0,54475.0,MT,Shakti Steel Traders
2024-10-28,TMT REBAR FE550D DIA 16mm,42.29,2368451.45,56005.0,MT,SteelMax Solutions
2024-10-29,TMT REBAR FE500D DIA 16mm,15.4,841610.0,54650.0,MT,Shakti Steel Traders
2024-10-30,TMT REBAR FE550 DIA 32mm,37.5,2091562.5,55775.0,MT,Shakti Steel Traders
2024-10-30,TMT REBAR FE550 DIA 20mm,15.88,903969.0,56925.0,MT,Prime TMT Dealers
2024-10-31,TMT REBAR FE500D DIA 12mm,23.53,1308856.25,55625.0,MT,Urban Infra Metals
2024-10-31,TMT REBAR FE550 DIA 20mm,32.0,1797760.0,56180.0,MT,Urban Infra Metals
2024-11-04,TMT REBAR FE500 DIA 16mm,27.92,1475711.6,52855.0,MT,Urban Infra Metals
2024-11-05,TMT REBAR FE550 DIA 10mm,9.4,528280.0,56200.0,MT,Shakti Steel Traders
2024-11-05,TMT REBAR FE500D DIA 32mm,22.84,1260082.8,55170.0,MT,SteelMax Solutions
2024-11-06,TMT REBAR FE500 DIA 16mm,27.65,1481901.75,53595.0,MT,SteelMax Solutions
2024-11-06,TMT REBAR FE500D DIA 10mm,28.07,1549464.0,55200.0,MT,Prime TMT Dealers
2024-11-07,TMT REBAR FE550 DIA 20mm,20.9,1151067.5,55075.0,MT,SteelMax Solutions
2024-11-08,TMT REBAR FE500 DIA 25mm,14.91,800219.7,53670.0,MT,Urban Infra Metals
2024-11-12,TMT REBAR FE500D DIA 25mm,22.82,1256126.9,55045.0,MT,Shakti Steel Traders
2024-11-13,TMT REBAR FE550D DIA 8mm,21.8,1236823.0,56735.0,MT,Prime TMT Dealers
2024-11-15,TMT REBAR FE500D DIA 16mm,28.35,1540822.5,54350.0,MT,Urban Infra Metals
2024-11-15,TMT REBAR FE500D DIA 8mm,39.3,2165626.5,55105.0,MT,MetroBuild Supplies
2024-11-18,TMT REBAR FE500 DIA 25mm,40.58,2144855.9,52855.0,MT,SteelMax Solutions
2024-11-19,TMT REBAR FE550D DIA 25mm,44.22,2522308.8,57040.0,MT,Prime TMT Dealers
2024-11-20,TMT REBAR FE550 DIA 25mm,29.01,1641095.7,56570.0,MT,Urban Infra Metals
2024-11-21,TMT REBAR FE550D DIA 25mm,6.95,397852.75,57245.0,MT,Urban Infra Metals
2024-11-21,TMT REBAR FE500D DIA 16mm,13.33,739748.35,55495.0,MT,Prime TMT Dealers
2024-11-21,TMT REBAR FE500 DIA 25mm,27.62,1481813.0,53650.0,MT,Shakti Steel Traders
2024-11-22,TMT REBAR FE500 DIA 25mm,48.52,2620807.8,54015.0,MT,MetroBuild Supplies
2024-11-25,TMT REBAR FE550D DIA 10mm,19.03,1090038.4,57280.0,MT,Shakti Steel Traders
2024-11-26,TMT REBAR FE500 DIA 25mm,7.61,411624.9,54090.0,MT,Urban Infra Metals
2024-11-27,TMT REBAR FE500D DIA 25mm,37.67,2072603.4,55020.0,MT,Urban Infra Metals
2024-11-28,TMT REBAR FE550 DIA 16mm,43.0,2409720.0,56040.0,MT,Prime TMT Dealers
2024-12-02,TMT REBAR FE500 DIA 16mm,47.16,2546640.0,54000.0,MT,Shakti Steel Traders
2024-12-02,TMT REBAR FE500 DIA 32mm,22.11,1211075.25,54775.0,MT,Urban Infra Metals
2024-12-02,TMT REBAR FE550D DIA 10mm,46.72,2681494.4,57395.0,MT,Shakti Steel Traders
2024-12-02,TMT REBAR FE500 DIA 20mm,38.42,2040870.4,53120.0,MT,MetroBuild Supplies
2024-12-04,TMT REBAR FE500D DIA 32mm,32.48,1785912.8,54985.0,MT,MetroBuild Supplies
2024-12-05,TMT REBAR FE550D DIA 10mm,26.65,1529443.5,57390.0,MT,Urban Infra Metals
2024-12-06,TMT REBAR FE500 DIA 32mm,8.64,462499.2,53530.0,MT,Shakti Steel Traders
2024-12-09,TMT REBAR FE550D DIA 16mm,44.88,2534822.4,56480.0,MT,SteelMax Solutions
2024-12-10,TMT REBAR FE550D DIA 8mm,48.25,2779441.25,57605.0,MT,SteelMax Solutions
2024-12-10,TMT REBAR FE500 DIA 25mm,9.34,497448.4,53260.0,MT,Urban Infra Metals
2024-12-11,TMT REBAR FE550 DIA 25mm,34.59,1933062.15,55885.0,MT,Urban Infra Metals
2024-12-11,TMT REBAR FE550 DIA 10mm,40.26,2223559.8,55230.0,MT,Urban Infra Metals
2024-12-13,TMT REBAR FE550 DIA 10mm,39.17,2189407.15,55895.0,MT,MetroBuild Supplies
2024-12-16,TMT REBAR FE550D DIA 25mm,14.26,817098.0,57300.0,MT,Prime TMT Dealers
2024-12-16,TMT REBAR FE550D DIA 12mm,39.21,2238891.0,57100.0,MT,Prime TMT Dealers
2024-12-16,TMT REBAR FE550 DIA 16mm,18.54,1042504.2,56230.0,MT,SteelMax Solutions
2024-12-17,TMT REBAR FE500D DIA 32mm,41.98,2329260.3,55485.0,MT,Shakti Steel Traders
2024-12-17,TMT REBAR FE500D DIA 20mm,24.44,1337967.8,54745.0,MT,Prime TMT Dealers
2024-12-20,TMT REBAR FE550D DIA 10mm,37.89,2159161.65,56985.0,MT,Shakti Steel Traders
2024-12-23,TMT REBAR FE550D DIA 10mm,34.67,2001845.8,57740.0,MT,Prime TMT Dealers
2024-12-24,TMT REBAR FE500 DIA 12mm,16.71,905180.7,54170.0,MT,SteelMax Solutions
2024-12-24,TMT REBAR FE500D DIA 32mm,36.32,2022842.4,55695.0,MT,SteelMax Solutions
2024-12-24,TMT REBAR FE500D DIA 20mm,49.74,2778973.8,55870.0,MT,SteelMax Solutions
2024-12-24,TMT REBAR FE500D DIA 12mm,44.06,2456345.0,55750.0,MT,Shakti Steel Traders
2024-12-25,TMT REBAR FE550 DIA 32mm,36.78,2102712.6,57170.0,MT,Urban Infra Metals
2024-12-27,TMT REBAR FE500D DIA 16mm,14.17,774603.05,54665.0,MT,Shakti Steel Traders
2024-12-31,TMT REBAR FE550D DIA 12mm,20.39,1190877.95,58405.0,MT,Shakti Steel Traders
2024-12-31,TMT REBAR FE550 DIA 32mm,47.22,2646917.1,56055.0,MT,Prime TMT Dealers
2024-12-31,TMT REBAR FE500 DIA 8mm,37.23,2021961.3,54310.0,MT,Shakti Steel Traders
2025-01-01,TMT REBAR FE500 DIA 25mm,34.81,1907936.1,54810.0,MT,Urban Infra Metals
2025-01-01,TMT REBAR FE550D DIA 20mm,28.36,1631692.6,57535.0,MT,Urban Infra Metals
2025-01-01,TMT REBAR FE500 DIA 16mm,45.91,2490387.95,54245.0,MT,Urban Infra Metals
2025-01-02,TMT REBAR FE500 DIA 10mm,42.01,2298787.2,54720.0,MT,SteelMax Solutions
2025-01-02,TMT REBAR FE550 DIA 16mm,35.81,2044930.05,57105.0,MT,Prime TMT Dealers
2025-01-02,TMT REBAR FE550D DIA 32mm,45.69,2644765.65,57885.0,MT,Shakti Steel Traders
2025-01-03,TMT REBAR FE550 DIA 12mm,23.45,1333953.25,56885.0,MT,Urban Infra Metals
2025-01-03,TMT REBAR FE500 DIA 12mm,36.14,1953186.3,54045.0,MT,Urban Infra Metals
2025-01-03,TMT REBAR FE550 DIA 10mm,34.31,1939201.2,56520.0,MT,Shakti Steel Traders
2025-01-06,TMT REBAR FE500D DIA 10mm,41.8,2331604.0,55780.0,MT,Prime TMT Dealers
2025-01-07,TMT REBAR FE500 DIA 16mm,27.16,1487824.8,54780.0,MT,Shakti Steel Traders
2025-01-07,TMT REBAR FE500D DIA 10mm,42.3,2364993.0,55910.0,MT,Urban Infra Metals
2025-01-10,TMT REBAR FE550D DIA 10mm,18.34,1074540.6,58590.0,MT,Prime TMT Dealers
2025-01-10,TMT REBAR FE500 DIA 16mm,31.59,1736502.3,54970.0,MT,Urban Infra Metals
2025-01-10,TMT REBAR FE500D DIA 20mm,26.09,1460518.2,55980.0,MT,Prime TMT Dealers
2025-01-13,TMT REBAR FE550 DIA 8mm,15.35,872647.5,56850.0,MT,Prime TMT Dealers
2025-01-15,TMT REBAR FE500D DIA 32mm,44.9,2506991.5,55835.0,MT,SteelMax Solutions
2025-01-16,TMT REBAR FE500 DIA 20mm,34.44,1887656.4,54810.0,MT,SteelMax Solutions
2025-01-17,TMT REBAR FE550D DIA 12mm,31.66,1829789.7,57795.0,MT,Urban Infra Metals
2025-01-21,TMT REBAR FE500 DIA 10mm,8.78,481012.3,54785.0,MT,Urban Infra Metals
2025-01-22,TMT REBAR FE550D DIA 32mm,38.87,2290997.8,58940.0,MT,Shakti Steel Traders
2025-01-22,TMT REBAR FE550 DIA 12mm,28.97,1643178.4,56720.0,MT,SteelMax Solutions
2025-01-23,TMT REBAR FE550 DIA 10mm,28.07,1609253.1,57330.0,MT,Shakti Steel Traders
2025-01-23,TMT REBAR FE500 DIA 16mm,35.3,1954384.5,55365.0,MT,MetroBuild Supplies
2025-01-23,TMT REBAR FE550D DIA 25mm,39.25,2265510.0,57720.0,MT,Urban Infra Metals
2025-01-24,TMT REBAR FE550 DIA 12mm,30.54,1760783.7,57655.0,MT,SteelMax Solutions
2025-01-29,TMT REBAR FE500D DIA 12mm,41.67,2364564.15,56745.0,MT,MetroBuild Supplies
2025-01-29,TMT REBAR FE500D DIA 32mm,6.64,381700.4,57485.0,MT,SteelMax Solutions
2025-01-30,TMT REBAR FE500D DIA 10mm,43.28,2455058.0,56725.0,MT,SteelMax Solutions
2025-01-30,TMT REBAR FE550D DIA 10mm,13.4,775927.0,57905.0,MT,MetroBuild Supplies
2025-01-31,TMT REBAR FE550D DIA 8mm,18.83,1089221.35,57845.0,MT,Prime TMT Dealers
2025-02-03,TMT REBAR FE500D DIA 32mm,19.36,1076125.6,55585.0,MT,Prime TMT Dealers
2025-02-03,TMT REBAR FE550D DIA 10mm,20.34,1203517.8,59170.0,MT,MetroBuild Supplies
2025-02-03,TMT REBAR FE550 DIA 20mm,49.43,2841483.55,57485.0,MT,Shakti Steel Traders
2025-02-06,TMT REBAR FE500D DIA 32mm,34.87,1966144.95,56385.0,MT,MetroBuild Supplies
2025-02-06,TMT REBAR FE500 DIA 16mm,29.36,1617295.6,55085.0,MT,SteelMax Solutions
2025-02-10,TMT REBAR FE550 DIA 32mm,21.9,1260126.0,57540.0,MT,SteelMax Solutions
2025-02-11,TMT REBAR FE550 DIA 8mm,24.83,1393956.2,56140.0,MT,SteelMax Solutions
2025-02-12,TMT REBAR FE550 DIA 16mm,49.97,2897760.3,57990.0,MT,MetroBuild Supplies
2025-02-13,TMT REBAR FE500 DIA 16mm,15.3,845937.0,55290.0,MT,Urban Infra Metals
2025-02-14,TMT REBAR FE500 DIA 25mm,17.02,945120.6,55530.0,MT,Urban Infra Metals
2025-02-14,TMT REBAR FE500D DIA 20mm,37.04,2080907.2,56180.0,MT,MetroBuild Supplies
2025-02-18,TMT REBAR FE550 DIA 12mm,10.76,613589.0,57025.0,MT,Shakti Steel Traders
2025-02-18,TMT REBAR FE550 DIA 32mm,34.63,1999189.9,57730.0,MT,MetroBuild Supplies
2025-02-18,TMT REBAR FE550D DIA 25mm,8.0,464240.0,58030.0,MT,Urban Infra Metals
2025-02-19,TMT REBAR FE500D DIA 32mm,27.42,1565544.9,57095.0,MT,Prime TMT Dealers
2025-02-26,TMT REBAR FE500D DIA 10mm,42.89,2447946.75,57075.0,MT,Urban Infra Metals
2025-02-26,TMT REBAR FE500 DIA 20mm,35.06,1947758.3,55555.0,MT,Shakti Steel Traders
2025-02-26,TMT REBAR FE550D DIA 8mm,42.02,2506282.9,59645.0,MT,SteelMax Solutions
2025-02-28,TMT REBAR FE500D DIA 25mm,20.56,1167705.2,56795.0,MT,SteelMax Solutions
2025-02-28,TMT REBAR FE550D DIA 32mm,7.92,464191.2,58610.0,MT,Urban Infra Metals
2025-03-04,TMT REBAR FE550 DIA 20mm,11.34,658173.6,58040.0,MT,Urban Infra Metals
2025-03-05,TMT REBAR FE550 DIA 16mm,11.29,648779.85,57465.0,MT,MetroBuild Supplies
2025-03-05,TMT REBAR FE550 DIA 20mm,41.62,2411670.9,57945.0,MT,Prime TMT Dealers
2025-03-06,TMT REBAR FE500D DIA 20mm,45.17,2601792.0,57600.0,MT,SteelMax Solutions
2025-03-06,TMT REBAR FE550D DIA 8mm,35.09,2054870.4,58560.0,MT,Shakti Steel Traders
2025-03-06,TMT REBAR FE500D DIA 20mm,20.22,1150518.0,56900.0,MT,SteelMax Solutions
2025-03-06,TMT REBAR FE550D DIA 32mm,35.13,2044917.3,58210.0,MT,MetroBuild Supplies
2025-03-07,TMT REBAR FE500 DIA 8mm,35.88,1990443.0,55475.0,MT,Urban Infra Metals
2025-03-10,TMT REBAR FE500D DIA 20mm,5.81,332332.0,57200.0,MT,Shakti Steel Traders
2025-03-10,TMT REBAR FE550 DIA 32mm,46.89,2712352.05,57845.0,MT,Shakti Steel Traders
2025-03-10,TMT REBAR FE550 DIA 32mm,25.66,1483404.6,57810.0,MT,SteelMax Solutions
2025-03-11,TMT REBAR FE500 DIA 20mm,25.18,1416249.1,56245.0,MT,Prime TMT Dealers
2025-03-11,TMT REBAR FE500D DIA 10mm,43.3,2438006.5,56305.0,MT,MetroBuild Supplies
2025-03-12,TMT REBAR FE550 DIA 12mm,44.92,2574365.2,57310.0,MT,Shakti Steel Traders
2025-03-12,TMT REBAR FE550D DIA 32mm,31.45,1821426.75,57915.0,MT,Shakti Steel Traders
2025-03-14,TMT REBAR FE500 DIA 25mm,42.83,2355221.7,54990.0,MT,Urban Infra Metals
2025-03-14,TMT REBAR FE550D DIA 32mm,47.75,2797911.25,58595.0,MT,Prime TMT Dealers
2025-03-17,TMT REBAR FE500D DIA 32mm,21.55,1239448.25,57515.0,MT,MetroBuild Supplies
2025-03-17,TMT REBAR FE550 DIA 12mm,29.5,1688285.0,57230.0,MT,Prime TMT Dealers
2025-03-18,TMT REBAR FE500D DIA 8mm,38.86,2184903.5,56225.0,MT,MetroBuild Supplies
2025-03-18,TMT REBAR FE550D DIA 20mm,27.34,1588043.9,58085.0,MT,Urban Infra Metals
2025-03-18,TMT REBAR FE550D DIA 20mm,24.27,1442123.4,59420.0,MT,MetroBuild Supplies
2025-03-19,TMT REBAR FE500 DIA 8mm,10.21,566297.65,55465.0,MT,MetroBuild Supplies
2025-03-19,TMT REBAR FE500D DIA 25mm,41.17,2367892.55,57515.0,MT,Prime TMT Dealers
2025-03-20,TMT REBAR FE550 DIA 8mm,29.76,1721616.0,57850.0,MT,SteelMax Solutions
2025-03-20,TMT REBAR FE550 DIA 12mm,44.07,2563111.2,58160.0,MT,Prime TMT Dealers
2025-03-20,TMT REBAR FE550D DIA 16mm,26.8,1563244.0,58330.0,MT,Shakti Steel Traders
2025-03-25,TMT REBAR FE500D DIA 32mm,18.11,1038427.4,57340.0,MT,SteelMax Solutions
2025-03-26,TMT REBAR FE500 DIA 25mm,46.82,2661014.7,56835.0,MT,SteelMax Solutions
2025-03-27,TMT REBAR FE500 DIA 12mm,42.24,2376211.2,56255.0,MT,MetroBuild Supplies
2025-03-27,TMT REBAR FE550D DIA 32mm,6.09,357574.35,58715.0,MT,SteelMax Solutions
2025-03-28,TMT REBAR FE500D DIA 12mm,34.37,1948779.0,56700.0,MT,SteelMax Solutions
2025-03-28,TMT REBAR FE500 DIA 10mm,27.22,1524047.8,55990.0,MT,Prime TMT Dealers
2025-03-31,TMT REBAR FE550D DIA 32mm,42.89,2547022.65,59385.0,MT,SteelMax Solutions
2025-03-31,TMT REBAR FE500 DIA 12mm,21.49,1191835.4,55460.0,MT,Shakti Steel Traders
2025-04-01,TMT REBAR FE550 DIA 12mm,17.25,1000413.75,57995.0,MT,Prime TMT Dealers
2025-04-01,TMT REBAR FE550D DIA 8mm,6.63,387622.95,58465.0,MT,MetroBuild Supplies
2025-04-03,TMT REBAR FE500D DIA 10mm,12.25,694330.0,56680.0,MT,SteelMax Solutions
2025-04-03,TMT REBAR FE550D DIA 32mm,47.31,2746582.05,58055.0,MT,MetroBuild Supplies
2025-04-03,TMT REBAR FE500D DIA 20mm,23.09,1305854.95,56555.0,MT,Urban Infra Metals
2025-04-03,TMT REBAR FE500D DIA 8mm,45.5,2581897.5,56745.0,MT,MetroBuild Supplies
2025-04-03,TMT REBAR FE500D DIA 16mm,15.48,886230.0,57250.0,MT,MetroBuild Supplies
2025-04-04,TMT REBAR FE550D DIA 20mm,9.72,570758.4,58720.0,MT,Urban Infra Metals
2025-04-08,TMT REBAR FE550 DIA 10mm,33.98,1959456.7,57665.0,MT,MetroBuild Supplies
2025-04-08,TMT REBAR FE550D DIA 12mm,35.58,2078227.8,58410.0,MT,Urban Infra Metals
2025-04-09,TMT REBAR FE500 DIA 20mm,33.3,1865799.0,56030.0,MT,Urban Infra Metals
2025-04-09,TMT REBAR FE500 DIA 8mm,44.5,2487327.5,55895.0,MT,Urban Infra Metals
2025-04-10,TMT REBAR FE550 DIA 8mm,17.46,1007180.1,57685.0,MT,SteelMax Solutions
2025-04-15,TMT REBAR FE500 DIA 10mm,22.96,1288170.8,56105.0,MT,Prime TMT Dealers
2025-04-16,TMT REBAR FE550D DIA 12mm,47.79,2814831.0,58900.0,MT,MetroBuild Supplies
2025-04-16,TMT REBAR FE550 DIA 20mm,32.16,1894063.2,58895.0,MT,Urban Infra Metals
2025-04-16,TMT REBAR FE500 DIA 12mm,48.7,2714294.5,55735.0,MT,Prime TMT Dealers
2025-04-17,TMT REBAR FE500D DIA 32mm,11.64,666913.8,57295.0,MT,MetroBuild Supplies
2025-04-17,TMT REBAR FE500D DIA 12mm,9.12,517240.8,56715.0,MT,Prime TMT Dealers
2025-04-22,TMT REBAR FE500D DIA 8mm,5.55,312936.75,56385.0,MT,Urban Infra Metals
2025-04-22,TMT REBAR FE500D DIA 16mm,27.12,1525093.2,56235.0,MT,MetroBuild Supplies
2025-04-22,TMT REBAR FE500 DIA 20mm,6.41,353319.2,55120.0,MT,Urban Infra Metals
2025-04-25,TMT REBAR FE550 DIA 10mm,38.18,2212912.8,57960.0,MT,SteelMax Solutions
2025-04-30,TMT REBAR FE500D DIA 12mm,27.24,1541784.0,56600.0,MT,SteelMax Solutions
2025-04-30,TMT REBAR FE550D DIA 16mm,48.31,2847874.5,58950.0,MT,MetroBuild Supplies
2025-04-30,TMT REBAR FE550D DIA 10mm,34.06,2005452.8,58880.0,MT,Prime TMT Dealers
2025-05-05,TMT REBAR FE550 DIA 20mm,35.56,2074214.8,58330.0,MT,Shakti Steel Traders
2025-05-06,TMT REBAR FE500 DIA 8mm,49.91,2813177.15,56365.0,MT,Prime TMT Dealers
2025-05-06,TMT REBAR FE550 DIA 8mm,30.46,1745358.0,57300.0,MT,MetroBuild Supplies
2025-05-06,TMT REBAR FE500 DIA 16mm,21.15,1176363.0,55620.0,MT,Urban Infra Metals
2025-05-07,TMT REBAR FE500 DIA 16mm,39.4,2182563.0,55395.0,MT,SteelMax Solutions
2025-05-08,TMT REBAR FE500 DIA 16mm,20.07,1124421.75,56025.0,MT,Prime TMT Dealers
2025-05-12,TMT REBAR FE500 DIA 8mm,32.91,1849377.45,56195.0,MT,Prime TMT Dealers
2025-05-12,TMT REBAR FE500D DIA 10mm,43.9,2502958.5,57015.0,MT,SteelMax Solutions
2025-05-13,TMT REBAR FE500 DIA 25mm,13.58,757424.5,55775.0,MT,Urban Infra Metals
2025-05-14,TMT REBAR FE550D DIA 8mm,24.37,1467195.85,60205.0,MT,Prime TMT Dealers
2025-05-15,TMT REBAR FE550D DIA 20mm,27.34,1603901.1,58665.0,MT,MetroBuild Supplies
2025-05-16,TMT REBAR FE500 DIA 16mm,38.66,2186996.2,56570.0,MT,Shakti Steel Traders
2025-05-22,TMT REBAR FE500D DIA 32mm,30.06,1695834.9,56415.0,MT,SteelMax Solutions
2025-05-23,TMT REBAR FE500D DIA 20mm,44.56,2506277.2,56245.0,MT,Prime TMT Dealers
2025-05-26,TMT REBAR FE500D DIA 25mm,9.37,538868.7,57510.0,MT,Prime TMT Dealers
2025-05-26,TMT REBAR FE500D DIA 25mm,20.36,1152681.4,56615.0,MT,MetroBuild Supplies
2025-05-27,TMT REBAR FE500D DIA 20mm,44.09,2511807.3,56970.0,MT,Urban Infra Metals
2025-05-28,TMT REBAR FE550 DIA 20mm,10.26,592463.7,57745.0,MT,Shakti Steel Traders
2025-05-28,TMT REBAR FE550D DIA 25mm,24.52,1438465.8,58665.0,MT,Shakti Steel Traders
2025-05-28,TMT REBAR FE550D DIA 8mm,22.28,1318196.2,59165.0,MT,Shakti Steel Traders
2025-05-29,TMT REBAR FE500 DIA 8mm,47.63,2633700.85,55295.0,MT,Prime TMT Dealers
2025-05-29,TMT REBAR FE550 DIA 8mm,23.96,1388242.4,57940.0,MT,Urban Infra Metals
2025-05-30,TMT REBAR FE500D DIA 20mm,6.37,357579.95,56135.0,MT,Prime TMT Dealers
2025-06-03,TMT REBAR FE550D DIA 20mm,26.09,1530048.05,58645.0,MT,SteelMax Solutions
2025-06-04,TMT REBAR FE550D DIA 25mm,32.49,1923732.9,59210.0,MT,Urban Infra Metals
2025-06-04,TMT REBAR FE550 DIA 8mm,34.6,1997285.0,57725.0,MT,MetroBuild Supplies
2025-06-04,TMT REBAR FE550D DIA 32mm,17.93,1044063.9,58230.0,MT,MetroBuild Supplies
2025-06-05,TMT REBAR FE550 DIA 25mm,49.28,2858979.2,58015.0,MT,Prime TMT Dealers
2025-06-05,TMT REBAR FE500 DIA 25mm,46.35,2589342.75,55865.0,MT,Shakti Steel Traders
2025-06-05,TMT REBAR FE500D DIA 20mm,44.28,2520196.2,56915.0,MT,Prime TMT Dealers
2025-06-06,TMT REBAR FE550 DIA 25mm,19.77,1129460.1,57130.0,MT,Urban Infra Metals
2025-06-13,TMT REBAR FE550 DIA 25mm,12.56,713910.4,56840.0,MT,Urban Infra Metals
2025-06-16,TMT REBAR FE550D DIA 8mm,40.49,2311574.1,57090.0,MT,Shakti Steel Traders
2025-06-16,TMT REBAR FE500D DIA 8mm,41.14,2279361.7,55405.0,MT,Urban Infra Metals
2025-06-18,TMT REBAR FE500D DIA 12mm,47.02,2624421.3,55815.0,MT,Prime TMT Dealers
2025-06-18,TMT REBAR FE500D DIA 32mm,37.16,2063309.0,55525.0,MT,Prime TMT Dealers
2025-06-23,TMT REBAR FE550D DIA 8mm,10.81,622439.8,57580.0,MT,SteelMax Solutions
2025-06-23,TMT REBAR FE500D DIA 25mm,48.62,2755052.3,56665.0,MT,Shakti Steel Traders
2025-06-24,TMT REBAR FE500 DIA 32mm,35.44,1944770.0,54875.0,MT,SteelMax Solutions
2025-06-26,TMT REBAR FE550 DIA 16mm,45.48,2605321.8,57285.0,MT,Prime TMT Dealers
2025-06-26,TMT REBAR FE550D DIA 8mm,38.67,2243826.75,58025.0,MT,SteelMax Solutions
2025-07-01,TMT REBAR FE550D DIA 16mm,39.9,2352504.0,58960.0,MT,SteelMax Solutions
2025-07-02,TMT REBAR FE500D DIA 32mm,10.28,578969.6,56320.0,MT,MetroBuild Supplies
2025-07-03,TMT REBAR FE550D DIA 25mm,7.99,467255.2,58480.0,MT,Prime TMT Dealers
2025-07-03,TMT REBAR FE500D DIA 32mm,46.65,2620097.25,56165.0,MT,Urban Infra Metals
2025-07-04,TMT REBAR FE550D DIA 32mm,42.67,2499608.6,58580.0,MT,SteelMax Solutions
2025-07-07,TMT REBAR FE500 DIA 25mm,20.74,1147751.6,55340.0,MT,SteelMax Solutions
2025-07-07,TMT REBAR FE500D DIA 25mm,49.28,2770275.2,56215.0,MT,SteelMax Solutions
2025-07-08,TMT REBAR FE550 DIA 10mm,22.14,1252127.7,56555.0,MT,MetroBuild Supplies
2025-07-09,TMT REBAR FE550 DIA 8mm,40.78,2318954.7,56865.0,MT,Prime TMT Dealers
2025-07-10,TMT REBAR FE550D DIA 16mm,21.98,1267806.4,57680.0,MT,MetroBuild Supplies
2025-07-10,TMT REBAR FE550D DIA 8mm,47.78,2823320.2,59090.0,MT,Shakti Steel Traders
2025-07-10,TMT REBAR FE550D DIA 32mm,33.84,1976425.2,58405.0,MT,Urban Infra Metals
2025-07-14,TMT REBAR FE550D DIA 16mm,44.1,2551405.5,57855.0,MT,MetroBuild Supplies
2025-07-17,TMT REBAR FE500D DIA 8mm,40.62,2257050.3,55565.0,MT,MetroBuild Supplies
2025-07-17,TMT REBAR FE500D DIA 32mm,27.78,1561791.6,56220.0,MT,MetroBuild Supplies
